learner_id,age,study_hours,attendance_rate,previous_score,assignments_completed,treatment,outcome,predicted_control,predicted_treatment,estimated_uplift
1,24,4.3,81.5,33.2,9,0,11.79,12.318699999999989,16.3851,4.066400000000012
2,32,4.5,70.9,67.3,8,1,15.28,11.9703,16.000599999999988,4.030299999999988
3,28,7.8,57.2,85.5,8,0,12.71,13.250800000000005,18.884399999999992,5.633599999999987
4,25,9.3,54.7,45.7,10,1,20.31,13.982200000000004,19.66919999999998,5.6869999999999745
5,24,9.6,50.8,87.0,1,1,10.43,9.148100000000003,12.292099999999996,3.143999999999993
6,28,6.2,93.7,31.2,6,1,14.86,10.7621,14.797799999999988,4.035699999999988
7,28,4.2,61.8,77.6,9,0,12.23,13.188300000000003,17.697699999999994,4.5093999999999905
8,21,8.1,60.6,90.7,8,1,17.6,14.0001,17.786999999999985,3.786899999999985
9,25,3.3,86.8,72.7,3,1,14.58,8.326299999999998,14.323300000000003,5.997000000000005
10,20,6.1,66.0,58.5,4,1,13.07,9.366000000000009,13.261700000000003,3.8956999999999944
11,19,4.2,75.3,32.9,3,1,11.96,7.9083,11.893400000000012,3.9851000000000125
12,29,6.9,58.1,89.8,6,0,10.27,11.276599999999995,16.7344,5.457800000000006
13,23,3.2,98.0,60.6,9,1,20.07,13.944000000000006,19.324799999999986,5.380799999999979
14,19,2.7,92.6,31.9,8,1,16.13,12.288999999999996,16.009400000000024,3.720400000000028
15,18,9.3,93.2,74.8,10,1,24.6,16.812699999999992,23.284199999999984,6.471499999999992
16,29,1.9,70.3,61.3,4,1,11.73,7.451100000000006,12.067900000000007,4.616800000000001
17,29,5.6,88.1,38.1,2,1,13.05,7.3702999999999985,12.339499999999987,4.969199999999988
18,34,3.0,57.2,43.9,8,1,16.22,12.296099999999994,16.062200000000015,3.766100000000021
19,27,1.4,50.4,34.2,8,1,14.05,11.512300000000009,13.972399999999986,2.4600999999999775
20,33,1.3,51.0,67.3,6,1,16.63,9.976599999999994,14.49740000000003,4.520800000000035
21,32,2.6,79.3,70.4,8,0,9.62,10.661900000000001,17.450100000000006,6.788200000000005
22,32,8.8,72.8,62.9,9,1,19.85,14.497300000000005,19.605499999999985,5.1081999999999805
23,29,3.5,75.9,83.1,1,1,11.34,6.798599999999999,11.825199999999995,5.026599999999997
24,20,9.6,50.4,86.0,9,0,14.46,14.850800000000016,18.37240000000001,3.521599999999994
25,22,6.2,71.1,70.0,2,0,11.77,10.630099999999993,13.013400000000004,2.383300000000011
26,24,4.9,85.9,30.8,1,1,9.35,6.5216999999999965,10.114700000000006,3.5930000000000097
27,26,6.2,72.1,75.2,8,1,19.95,13.594600000000003,19.455600000000018,5.861000000000015
28,24,5.7,86.6,57.2,8,0,11.17,11.814399999999996,18.36810000000001,6.553700000000013
29,21,7.8,61.7,66.8,4,1,16.78,10.4202,15.932199999999982,5.511999999999983
30,31,3.5,90.7,72.2,8,1,17.9,13.180000000000005,17.752700000000022,4.572700000000017
31,26,4.2,79.4,52.8,7,0,11.11,11.091199999999999,15.334900000000005,4.243700000000006
32,19,9.0,60.5,89.6,2,0,7.07,7.974000000000011,14.762699999999988,6.788699999999977
33,32,9.5,61.8,38.7,5,1,14.26,10.703400000000004,14.553599999999992,3.8501999999999885
34,24,9.0,81.4,73.6,10,1,19.98,16.59169999999999,20.568500000000007,3.9768000000000185
35,29,4.8,91.5,30.3,4,0,12.16,10.818999999999992,13.713900000000006,2.894900000000014
36,25,8.0,70.8,90.1,3,0,11.13,10.8891,14.889399999999998,4.000299999999999
37,32,5.3,62.9,37.3,1,0,4.68,5.4529000000000005,9.445699999999997,3.9927999999999964
38,20,5.5,93.4,36.2,5,1,13.4,10.482000000000005,13.676000000000009,3.1940000000000044
39,31,2.8,83.5,51.6,10,0,11.07,12.297900000000002,17.494099999999992,5.19619999999999
40,34,6.3,72.4,54.3,8,1,20.3,13.099800000000009,19.011799999999983,5.911999999999974
41,21,2.7,74.4,43.9,9,0,14.81,13.950199999999972,16.307000000000013,2.3568000000000406
42,25,4.0,60.2,68.0,7,1,15.48,11.573900000000002,15.44520000000001,3.8713000000000086
43,21,8.7,81.3,58.8,1,0,12.71,11.053800000000013,12.952799999999991,1.8989999999999778
44,19,2.9,67.9,32.2,1,1,8.94,6.5548,9.253800000000014,2.699000000000014
45,23,1.6,99.8,50.8,1,1,13.16,7.4211,12.767700000000007,5.346600000000007
46,27,1.6,74.0,82.7,2,0,9.49,9.047700000000008,13.1214,4.073699999999992
47,21,9.5,74.3,74.8,1,0,8.0,8.310400000000005,12.749999999999998,4.439599999999993
48,29,5.6,78.3,77.1,4,1,15.57,10.299000000000001,15.151499999999997,4.852499999999996
49,19,4.7,95.8,75.4,10,0,16.56,16.51379999999997,19.710100000000008,3.1963000000000363
50,27,8.3,90.0,50.2,9,1,16.92,14.551599999999992,17.48320000000001,2.931600000000019
51,21,8.5,72.6,36.5,4,0,9.9,8.876399999999991,12.704099999999992,3.8277
52,31,4.0,85.9,47.7,4,0,11.44,10.81940000000002,13.633700000000006,2.814299999999987
53,33,7.2,79.3,84.1,7,1,17.27,13.0481,17.98339999999999,4.935299999999989
54,32,7.9,74.6,93.7,9,1,20.35,16.26739999999999,19.91869999999998,3.6512999999999884
55,25,6.9,59.6,62.1,7,1,14.23,11.163099999999995,15.424500000000014,4.26140000000002
56,31,2.4,73.2,30.6,1,0,4.16,4.8569000000000075,10.064700000000002,5.207799999999994
57,25,8.9,62.3,39.1,1,0,6.04,6.6179,12.226499999999994,5.608599999999995
58,33,5.9,95.7,50.9,4,1,18.05,10.1899,16.987799999999982,6.7978999999999825
59,30,3.5,66.8,67.6,4,0,8.82,8.94580000000001,13.732899999999997,4.787099999999986
60,32,4.8,97.6,34.9,1,0,5.61,6.159800000000007,10.904799999999996,4.7449999999999894
61,30,1.3,76.7,91.3,6,0,11.8,11.532599999999988,14.878000000000007,3.3454000000000192
62,26,2.2,81.6,53.7,10,0,10.27,11.658199999999997,17.653200000000016,5.995000000000019
63,32,7.9,77.1,89.3,2,1,10.36,10.882699999999993,11.511,0.6283000000000065
64,30,1.0,56.5,80.7,5,1,10.5,11.333899999999995,11.638000000000002,0.30410000000000714
65,18,4.7,68.8,79.1,8,1,18.32,14.79020000000001,18.101099999999985,3.3108999999999753
66,24,5.7,55.0,69.4,3,1,12.89,7.8186000000000035,12.982700000000007,5.164100000000003
67,26,1.5,81.1,70.7,9,1,19.13,12.0384,18.499800000000022,6.4614000000000225
68,18,9.8,72.3,71.5,7,1,15.67,14.303400000000003,16.79890000000001,2.495500000000007
69,29,3.0,88.9,70.9,9,1,17.98,13.3762,17.866000000000007,4.489800000000006
70,25,3.7,61.0,66.0,1,0,3.67,4.848100000000003,10.805900000000003,5.9578
71,28,3.7,58.2,94.1,5,0,11.91,11.786300000000004,15.728900000000008,3.942600000000004
72,34,3.1,70.3,77.6,3,1,10.28,10.9243,11.596999999999985,0.6726999999999848
73,25,1.0,96.3,80.5,4,0,9.88,10.738300000000004,14.785099999999995,4.04679999999999
74,20,7.6,85.5,86.7,4,0,12.41,12.2365,16.186599999999984,3.950099999999985
75,20,9.7,70.9,44.0,7,1,16.44,12.872100000000005,16.918100000000027,4.0460000000000225
76,18,3.0,75.9,35.4,10,1,12.24,13.729899999999992,13.818800000000005,0.08890000000001308
77,22,7.0,54.2,61.4,8,1,20.3,12.832600000000005,19.235699999999987,6.4030999999999825
78,27,7.7,99.2,63.4,10,0,15.08,14.963299999999993,21.0972,6.133900000000008
79,24,8.6,83.3,83.9,5,1,14.58,12.553000000000006,15.71909999999999,3.166099999999984
80,26,4.8,64.3,58.8,10,1,19.6,13.077399999999995,19.44829999999997,6.370899999999976
81,24,3.7,79.3,67.1,7,1,18.0,11.198799999999999,17.403299999999998,6.2044999999999995
82,26,3.9,55.5,64.3,3,0,7.65,7.530699999999992,11.282799999999998,3.7521000000000058
83,25,7.4,98.3,32.5,3,0,11.9,10.775499999999992,13.786699999999996,3.011200000000004
84,29,8.4,58.7,70.0,3,0,8.28,8.927999999999992,13.646600000000005,4.718600000000013
85,19,2.6,82.4,83.8,4,0,10.86,11.129200000000003,15.780799999999992,4.6515999999999895
86,18,4.3,62.3,40.2,6,0,10.78,10.510399999999983,13.376699999999998,2.866300000000015
87,33,9.1,85.9,68.6,5,0,15.31,14.055799999999982,17.6115,3.5557000000000176
88,22,8.3,88.8,68.6,8,1,15.7,14.475300000000004,17.08390000000002,2.608600000000017
89,20,9.9,83.7,40.7,5,1,20.76,9.842899999999993,19.122099999999993,9.2792
90,29,7.8,80.7,38.0,5,1,17.4,9.908699999999996,16.994600000000002,7.085900000000006
91,25,4.5,94.6,93.7,10,0,17.55,16.98889999999998,20.3939,3.405000000000019
92,20,6.3,53.9,55.6,2,0,5.97,6.370600000000007,11.818300000000008,5.447700000000001
93,18,6.9,66.5,44.8,5,0,8.19,8.791900000000012,15.080200000000001,6.288299999999989
94,20,1.7,62.4,41.1,7,0,10.53,10.145499999999986,14.867600000000008,4.722100000000022
95,22,5.9,99.4,73.4,2,0,10.71,10.426300000000015,14.603999999999992,4.177699999999977
96,32,7.4,69.5,69.6,6,0,12.94,12.53260000000002,17.640100000000004,5.107499999999984
97,31,2.5,86.6,71.8,7,1,16.84,11.921600000000002,16.979699999999987,5.058099999999985
98,20,8.0,84.2,35.7,5,1,16.06,10.543800000000001,16.12749999999998,5.583699999999979
99,18,6.3,60.6,88.1,9,1,14.78,14.438099999999999,15.94579999999998,1.507699999999982
100,22,9.6,61.9,55.3,4,1,14.37,10.385399999999999,14.15239999999997,3.766999999999971
101,31,1.4,64.1,50.4,10,1,13.52,13.638300000000005,14.693399999999988,1.0550999999999835
102,24,3.4,70.6,60.1,1,1,10.61,6.8333,10.286200000000008,3.4529000000000076
103,26,6.4,61.7,55.4,8,1,19.43,12.321200000000001,18.465000000000007,6.143800000000006
104,32,3.7,51.0,86.1,8,1,14.92,13.9196,15.431500000000007,1.511900000000006
105,32,7.4,94.0,90.4,7,1,18.36,13.871500000000003,19.303999999999974,5.432499999999971
106,27,7.8,98.3,49.7,8,0,12.08,12.601900000000006,19.3933,6.791399999999994
107,30,1.9,67.1,86.2,2,1,10.59,8.611000000000006,10.9882,2.377199999999995
108,24,5.6,66.9,80.8,3,1,15.13,10.6499,14.870600000000026,4.220700000000026
109,34,5.6,50.4,90.5,9,1,20.06,14.817599999999997,18.94349999999997,4.125899999999971
110,21,4.3,84.0,46.0,1,0,9.63,9.017499999999998,11.474899999999998,2.4574
111,22,9.4,91.3,67.5,8,0,12.85,13.395299999999995,19.301900000000014,5.906600000000019
112,24,8.4,57.3,47.8,8,1,18.38,12.025899999999996,18.030700000000035,6.0048000000000386
113,30,7.3,58.0,83.6,7,1,19.3,12.3765,18.918099999999978,6.541599999999978
114,32,7.4,89.5,30.3,5,0,13.36,12.636599999999996,14.990900000000002,2.3543000000000056
115,28,5.2,80.8,66.7,4,1,12.79,9.893700000000006,13.66709999999999,3.7733999999999845
116,21,9.3,52.2,52.0,10,1,14.92,14.794600000000004,16.009400000000003,1.2147999999999985
117,30,7.3,81.1,51.0,10,0,14.25,14.701099999999995,18.569100000000002,3.8680000000000074
118,24,7.6,65.4,71.9,10,1,25.52,16.092399999999987,24.007499999999997,7.91510000000001
119,19,8.8,68.4,85.3,10,0,14.33,15.14969999999999,20.3968,5.2471000000000085
120,27,3.5,88.5,69.6,6,1,17.08,12.072099999999995,16.920499999999983,4.848399999999987
121,30,8.3,90.5,85.5,1,1,10.49,9.554799999999997,11.8272,2.272400000000003
122,23,2.8,70.0,47.2,5,1,16.61,9.733800000000004,15.114999999999984,5.38119999999998
123,29,4.1,97.4,63.8,4,1,11.14,10.258100000000004,12.0427,1.7845999999999957
124,29,4.0,70.3,59.3,4,0,4.49,6.179600000000006,13.566900000000002,7.387299999999996
125,28,9.8,88.6,30.8,7,1,17.69,13.020500000000002,17.371300000000023,4.350800000000021
126,24,8.7,74.2,66.2,9,1,19.94,14.780299999999986,19.76600000000003,4.985700000000044
127,18,7.3,94.9,73.0,8,1,22.55,15.027899999999997,21.75839999999999,6.730499999999994
128,18,7.5,95.4,68.5,8,0,16.26,15.701099999999999,20.518700000000003,4.817600000000004
129,30,6.1,54.4,77.9,5,0,7.05,8.139399999999995,14.641000000000009,6.501600000000014
130,26,9.5,96.8,67.1,6,0,13.13,13.382800000000016,19.324999999999992,5.942199999999977
131,20,5.5,91.3,34.3,2,1,10.69,7.4006999999999925,10.954400000000016,3.553700000000023
132,24,4.4,89.6,37.6,3,0,5.4,6.33189999999999,12.593599999999999,6.261700000000008
133,23,2.5,60.0,68.8,5,1,14.31,9.591899999999999,14.548299999999976,4.956399999999977
134,25,8.1,90.3,47.9,2,1,15.84,8.977899999999998,15.327399999999985,6.349499999999987
135,26,7.6,92.5,35.2,3,1,12.21,9.2902,12.681400000000012,3.391200000000012
136,22,4.5,64.5,57.9,4,1,12.45,9.510700000000002,12.684600000000014,3.173900000000012
137,18,1.2,97.6,66.0,6,1,14.93,12.8323,15.681799999999996,2.8494999999999955
138,27,8.6,52.5,51.4,5,1,13.31,11.73080000000001,13.944999999999975,2.214199999999966
139,29,1.1,57.5,76.8,10,0,12.99,12.999500000000005,17.60819999999999,4.608699999999985
140,32,7.3,76.9,71.8,4,1,14.23,10.517100000000003,14.484300000000005,3.967200000000002
141,26,9.7,78.8,51.6,2,1,14.25,7.9295000000000035,14.024099999999997,6.094599999999994
142,34,4.9,82.3,79.1,5,1,14.86,11.687299999999999,15.006399999999978,3.3190999999999793
143,34,3.1,50.8,72.2,5,1,14.24,9.143099999999997,13.747900000000008,4.6048000000000116
144,29,7.3,98.0,71.4,7,0,12.75,12.897199999999996,20.444399999999995,7.547199999999998
145,24,8.4,52.2,66.0,1,0,9.06,8.361099999999986,12.796800000000001,4.435700000000015
146,19,5.9,57.2,30.7,4,1,10.73,8.036200000000001,11.47200000000001,3.4358000000000093
147,20,9.7,50.7,75.3,5,0,12.92,12.856500000000008,16.369899999999994,3.5133999999999865
148,34,1.5,78.3,54.4,8,1,13.94,12.494599999999997,14.952500000000017,2.45790000000002
149,22,5.5,96.6,91.3,8,0,17.01,16.5006,20.083899999999996,3.5832999999999977
150,34,7.5,83.3,83.2,1,0,5.78,7.000299999999989,13.410600000000006,6.410300000000017
151,34,8.8,91.1,68.2,5,0,12.33,12.5842,17.29039999999999,4.706199999999992
152,34,2.6,50.7,46.4,10,1,14.76,12.879200000000003,14.832200000000002,1.9529999999999994
153,19,8.2,77.1,43.2,1,1,12.0,8.3149,12.2915,3.9765999999999995
154,19,6.0,73.0,52.1,1,1,9.08,7.314799999999992,10.320100000000009,3.005300000000017
155,22,4.6,74.9,61.0,2,1,11.85,7.085100000000003,11.966899999999995,4.881799999999992
156,18,2.2,53.6,49.2,2,0,4.0,4.7467999999999995,9.953800000000005,5.207000000000005
157,18,8.8,84.2,63.5,9,0,14.62,14.753099999999977,19.552699999999998,4.799600000000021
158,19,2.4,75.2,40.7,4,1,11.29,8.0149,11.499499999999989,3.484599999999988
159,29,3.8,88.3,93.6,3,1,15.67,8.773400000000002,15.358400000000007,6.585000000000004
160,23,3.6,74.3,37.0,1,0,5.91,5.949400000000004,10.362199999999994,4.41279999999999
161,21,8.8,57.5,90.6,2,1,18.28,8.948300000000007,16.679699999999986,7.731399999999979
162,28,7.1,82.4,89.4,6,1,17.21,13.30540000000001,16.944900000000015,3.6395000000000053
163,34,8.2,58.6,64.1,9,0,13.95,14.280000000000012,18.072800000000004,3.7927999999999926
164,23,3.3,93.6,77.1,5,0,17.86,15.688999999999982,16.836699999999993,1.147700000000011
165,22,6.6,80.7,58.3,4,1,14.34,8.866400000000002,14.629699999999984,5.763299999999981
166,19,6.1,57.9,71.0,5,0,12.72,11.992600000000012,15.236999999999997,3.2443999999999846
167,23,8.5,98.1,52.1,9,0,16.03,15.370799999999988,19.7092,4.338400000000011
168,28,9.2,75.9,49.6,7,1,22.22,12.390899999999997,20.106800000000018,7.715900000000021
169,33,1.1,53.6,67.6,8,0,8.8,9.79259999999999,16.045100000000005,6.2525000000000155
170,33,7.1,81.3,62.4,4,0,7.44,8.689400000000012,14.887000000000002,6.197599999999991
171,18,1.5,62.7,67.7,8,0,9.81,10.627699999999983,16.09939999999999,5.471700000000006
172,26,5.9,90.2,48.6,6,1,16.45,11.376900000000001,16.31820000000002,4.941300000000018
173,23,3.6,90.9,53.9,5,1,12.67,10.6318,13.751600000000002,3.1198000000000015
174,33,3.8,98.9,35.5,7,0,7.03,7.9631999999999845,15.795399999999995,7.832200000000011
175,20,4.2,75.1,33.4,6,0,7.92,8.65729999999999,13.399899999999985,4.742599999999994
176,21,6.6,72.7,46.5,3,1,13.74,7.599000000000003,13.166700000000002,5.567699999999999
177,20,4.0,87.7,34.8,5,1,11.92,8.383599999999994,12.518699999999999,4.135100000000005
178,24,7.6,56.6,36.7,9,1,19.19,12.898299999999995,18.652800000000028,5.754500000000032
179,26,4.6,77.3,82.8,7,0,10.96,11.70170000000001,17.619000000000007,5.917299999999997
180,18,1.6,77.3,32.5,4,1,11.36,7.217299999999999,11.5632,4.345900000000001
181,25,8.1,54.5,72.8,7,1,16.42,12.034300000000005,16.48020000000001,4.445900000000005
182,24,3.6,70.9,47.7,5,1,13.75,9.646499999999998,13.911899999999996,4.265399999999998
183,25,4.9,92.7,86.7,2,1,15.11,9.765599999999997,14.614599999999989,4.848999999999991
184,18,7.2,92.8,61.5,6,0,15.63,14.38460000000002,17.632699999999993,3.2480999999999725
185,28,4.0,55.0,49.9,7,1,15.82,10.106699999999995,15.829399999999998,5.722700000000003
186,27,1.5,54.5,63.6,8,0,10.75,11.436900000000001,15.689300000000001,4.2524
187,20,4.4,63.1,54.8,6,0,11.76,11.594399999999993,14.8534,3.2590000000000074
188,24,9.5,93.7,66.7,8,1,21.72,14.037299999999998,20.738500000000016,6.701200000000018
189,33,6.8,56.4,37.4,7,1,19.1,10.533999999999997,17.525699999999986,6.991699999999989
190,33,7.0,86.0,94.8,2,0,10.36,9.980000000000008,13.3216,3.3415999999999926
191,34,6.7,55.1,57.7,6,1,14.95,11.839000000000006,15.11830000000002,3.2793000000000134
192,19,2.8,81.2,52.6,9,0,15.59,14.696899999999989,17.364800000000002,2.6679000000000137
193,18,4.8,67.8,76.2,6,1,11.92,12.489300000000004,13.030000000000003,0.5406999999999993
194,33,7.8,89.4,53.7,4,1,15.07,10.154500000000006,15.439199999999994,5.284699999999988
195,29,1.9,61.7,84.2,7,0,13.52,13.079699999999987,16.899399999999993,3.8197000000000063
196,22,3.5,82.0,59.5,3,0,10.8,9.439199999999996,13.5878,4.148600000000004
197,22,3.5,61.8,76.8,5,0,6.15,7.839399999999989,14.639700000000005,6.800300000000016
198,26,4.9,85.7,37.0,1,0,3.77,4.783199999999995,10.346700000000004,5.563500000000009
199,26,9.8,93.7,85.0,10,0,12.53,14.543099999999987,22.353299999999987,7.8102
200,20,1.6,56.3,77.8,3,1,13.49,7.525500000000003,12.991600000000004,5.466100000000001
201,33,5.7,93.3,43.8,8,0,13.22,13.056400000000014,17.0235,3.9670999999999843
202,33,2.6,79.7,39.4,9,1,19.03,12.815499999999995,18.605099999999986,5.789599999999991
203,20,9.7,56.4,50.6,9,0,13.91,13.811000000000009,18.262400000000003,4.451399999999994
204,18,2.0,71.4,93.4,10,1,23.52,14.8431,20.630099999999988,5.786999999999988
205,28,4.6,58.0,46.7,2,0,4.94,5.387000000000001,10.481599999999991,5.09459999999999
206,34,7.6,85.0,59.6,4,0,9.9,10.507999999999996,14.707600000000005,4.199600000000009
207,25,7.3,87.9,32.0,5,1,15.74,10.753700000000004,15.73960000000001,4.985900000000006
208,21,4.8,55.3,55.8,3,0,6.62,7.266500000000003,11.8345,4.567999999999997
209,23,4.1,75.3,67.1,1,1,12.39,7.711400000000005,11.729600000000003,4.018199999999998
210,25,4.6,90.7,92.0,6,1,17.55,13.2351,17.66589999999998,4.43079999999998
211,20,3.4,96.8,63.6,10,1,19.04,15.321800000000005,19.144499999999983,3.822699999999978
212,33,2.8,75.7,83.2,2,0,8.48,9.17330000000001,12.552899999999992,3.379599999999982
213,20,5.3,97.5,65.6,9,0,16.14,14.625200000000017,19.302,4.676799999999982
214,31,3.4,76.8,32.7,1,0,4.9,5.427699999999991,10.187500000000002,4.759800000000011
215,19,3.6,69.7,50.5,9,1,14.41,13.616800000000005,15.279700000000012,1.6629000000000076
216,20,6.9,92.4,67.4,7,0,13.6,13.275799999999998,18.234499999999997,4.9586999999999986
217,33,9.7,74.6,91.8,10,0,15.99,16.649400000000004,20.431000000000004,3.781600000000001
218,26,6.4,73.6,85.8,2,0,7.7,8.61320000000001,13.226900000000002,4.613699999999993
219,21,1.7,74.5,44.8,6,0,6.24,7.747400000000003,13.483199999999986,5.7357999999999825
220,18,1.7,92.3,44.3,8,0,13.67,13.164100000000005,16.450100000000006,3.2860000000000014
221,21,9.6,91.6,43.1,2,0,10.23,9.599200000000005,13.9209,4.3216999999999945
222,18,3.7,70.2,90.0,5,0,14.35,13.732999999999993,15.821899999999992,2.088899999999999
223,31,1.8,66.7,85.4,6,0,11.53,12.201799999999986,15.380100000000011,3.178300000000025
224,33,6.4,74.6,80.4,3,0,12.42,11.757199999999996,14.670900000000001,2.9137000000000057
225,25,6.6,78.6,55.5,2,1,11.06,7.628600000000002,11.679799999999979,4.051199999999977
226,24,6.8,61.9,62.8,6,0,7.68,9.159599999999989,16.472300000000004,7.3127000000000155
227,20,3.4,89.7,60.2,3,0,7.45,7.987800000000004,13.394699999999993,5.40689999999999
228,34,1.1,74.3,46.5,2,0,6.02,5.3580999999999985,9.888100000000001,4.530000000000003
229,18,9.7,66.7,62.8,1,0,9.09,8.893400000000007,12.627899999999997,3.73449999999999
230,33,3.3,55.3,32.0,8,0,13.05,12.41999999999999,15.209600000000014,2.789600000000025
231,29,7.1,61.9,38.6,1,1,11.31,7.371699999999996,10.944599999999982,3.5728999999999855
232,31,7.4,97.5,87.6,5,1,22.73,13.575499999999998,21.245200000000004,7.669700000000006
233,23,6.5,65.3,78.9,6,0,12.57,12.223800000000006,16.9019,4.678099999999995
234,23,3.8,58.4,57.5,3,1,11.92,7.976699999999999,11.836799999999993,3.860099999999994
235,30,3.4,73.0,63.6,7,0,12.5,11.602500000000004,15.8254,4.222899999999996
236,25,6.4,65.4,54.0,2,0,8.62,7.978500000000005,12.263599999999991,4.285099999999987
237,19,8.8,51.8,78.2,7,1,18.35,13.037099999999992,18.14279999999998,5.105699999999988
238,18,9.5,66.2,81.0,2,1,12.3,8.689599999999999,12.565799999999982,3.876199999999983
239,32,2.0,77.2,79.6,5,1,16.34,10.924499999999998,15.34849999999999,4.423999999999992
240,18,2.4,77.6,77.0,7,0,17.39,15.428000000000013,16.5708,1.1427999999999852
241,22,9.5,67.8,43.3,3,0,7.21,7.6167,12.88279999999999,5.266099999999991
242,33,7.6,72.4,52.0,4,1,14.38,9.674000000000007,14.01190000000002,4.337900000000014
243,21,8.9,98.3,60.5,1,1,11.55,10.30000000000001,12.582699999999988,2.282699999999979
244,20,2.8,68.9,51.5,3,0,9.25,8.756600000000002,11.113200000000004,2.356600000000002
245,34,6.3,62.9,79.1,9,1,20.32,14.346599999999997,19.28669999999999,4.940099999999992
246,34,7.3,62.2,51.4,10,1,15.59,14.688200000000002,16.780799999999985,2.092599999999983
247,29,7.1,72.9,39.0,5,0,7.29,8.163299999999994,15.097999999999999,6.934700000000005
248,31,4.7,88.0,55.9,8,1,13.31,12.456600000000003,15.094399999999982,2.637799999999979
249,23,1.1,60.3,93.7,2,1,14.88,7.062000000000001,13.701100000000018,6.639100000000017
250,20,6.2,85.5,44.7,3,0,7.07,7.507500000000008,12.568200000000004,5.060699999999996
251,26,3.3,51.1,69.8,7,1,14.7,11.550799999999999,14.880400000000014,3.329600000000015
252,22,5.1,70.9,58.1,10,0,13.57,13.420999999999998,18.673699999999993,5.2526999999999955
253,34,9.6,88.8,34.6,4,0,11.97,11.06680000000001,14.9346,3.86779999999999
254,31,4.6,66.9,61.7,9,1,18.79,12.797900000000002,17.980799999999988,5.182899999999986
255,20,8.6,78.2,75.6,7,1,19.94,12.109200000000001,19.38150000000002,7.272300000000019
256,18,2.7,60.2,63.4,1,1,8.44,6.680700000000001,9.129300000000018,2.4486000000000177
257,18,7.1,87.1,86.7,4,1,18.09,11.92799999999999,17.014599999999977,5.0865999999999865
258,20,9.8,52.6,48.8,10,1,20.85,14.962000000000005,19.619099999999975,4.65709999999997
259,27,1.9,92.6,35.6,6,1,15.27,9.527899999999997,14.90399999999999,5.376099999999992
260,20,1.1,59.9,90.9,6,0,8.84,10.047600000000006,14.855599999999997,4.807999999999991
261,25,4.9,93.7,54.6,10,1,17.12,14.739099999999992,17.83759999999998,3.098499999999989
262,31,1.8,67.6,67.5,6,1,17.75,10.607400000000002,16.41030000000001,5.802900000000008
263,32,7.7,86.1,81.5,5,0,16.47,15.114300000000007,17.50529999999999,2.390999999999984
264,19,9.2,66.0,51.1,3,1,13.8,9.398400000000006,13.657899999999978,4.2594999999999725
265,27,4.9,95.3,76.6,2,1,14.01,9.1726,13.924899999999997,4.752299999999998
266,19,3.3,56.3,38.8,3,1,10.79,6.974400000000002,10.563499999999985,3.5890999999999833
267,34,4.9,58.9,48.9,9,0,13.8,14.036999999999985,17.062200000000008,3.025200000000023
268,25,7.5,74.7,39.4,3,1,10.22,8.145499999999997,11.090100000000014,2.944600000000017
269,18,1.1,54.1,82.7,3,0,8.89,8.263799999999996,12.410500000000004,4.146700000000008
270,26,6.3,59.8,44.5,1,0,4.33,5.024199999999997,9.604899999999997,4.5807
271,28,6.5,97.2,76.6,2,1,14.85,10.7884,14.754899999999987,3.9664999999999875
272,33,6.7,98.8,91.3,3,1,14.82,11.28999999999999,15.474099999999991,4.184100000000001
273,24,3.2,68.8,64.3,2,0,6.38,6.9655999999999985,10.7646,3.7990000000000013
274,27,7.4,96.2,65.1,8,0,14.75,14.469100000000001,20.641199999999998,6.172099999999997
275,20,1.8,77.2,60.0,6,1,13.15,10.090300000000003,13.624300000000005,3.5340000000000025
276,30,2.8,63.5,51.2,7,1,12.26,9.686900000000007,13.560199999999995,3.873299999999988
277,24,8.9,85.1,60.9,1,1,16.57,9.107600000000003,15.069299999999997,5.961699999999993
278,21,7.6,82.9,69.2,6,1,15.28,12.658999999999999,16.318399999999983,3.6593999999999838
279,30,1.1,99.5,94.1,2,0,4.94,5.964500000000005,15.433899999999994,9.46939999999999
280,18,3.2,63.3,91.0,6,0,13.19,12.88850000000002,16.1982,3.30969999999998
281,25,2.9,83.6,86.0,3,0,9.35,9.515500000000003,14.05590000000001,4.540400000000007
282,31,3.4,52.6,87.8,7,0,12.36,12.732599999999996,16.04800000000001,3.315400000000013
283,33,3.2,55.7,60.4,3,0,8.21,7.912300000000005,10.2256,2.3132999999999946
284,31,1.6,50.2,72.7,9,0,15.28,14.30719999999999,17.2566,2.9494000000000096
285,29,5.1,100.0,88.2,3,1,19.58,10.194599999999994,18.40539999999999,8.210799999999995
286,32,7.6,90.1,55.5,7,0,13.48,13.436000000000005,18.081099999999992,4.645099999999987
287,19,6.5,89.3,92.5,4,1,14.54,11.1401,15.793599999999984,4.653499999999983
288,19,7.1,75.5,57.0,8,1,18.16,13.964400000000007,18.19170000000002,4.227300000000012
289,34,1.7,65.0,69.1,2,1,12.16,8.477000000000004,11.88,3.402999999999997
290,27,9.6,57.6,76.1,8,1,20.93,14.969699999999984,20.17640000000002,5.206700000000035
291,23,8.5,64.2,91.8,9,1,20.67,15.787499999999998,19.926300000000015,4.138800000000018
292,32,8.2,68.8,45.9,8,0,11.69,11.951700000000017,18.340900000000016,6.389199999999999
293,28,8.4,87.8,78.5,6,0,11.65,12.354599999999996,18.889899999999983,6.535299999999987
294,22,9.4,77.0,63.9,10,0,15.62,15.378199999999982,20.080200000000012,4.70200000000003
295,18,5.9,53.9,47.5,1,0,3.26,4.437699999999997,9.567299999999994,5.129599999999997
296,25,2.8,50.9,80.5,7,1,16.08,12.780699999999994,15.739099999999992,2.9583999999999975
297,29,6.6,55.1,65.9,1,1,11.84,7.136799999999999,12.330000000000005,5.193200000000006
298,29,7.7,70.5,73.0,7,1,18.2,12.38790000000001,18.37630000000002,5.9884000000000075
299,22,7.6,96.7,51.0,2,0,10.39,9.88759999999999,13.3902,3.50260000000001
300,24,5.7,81.9,61.3,8,1,20.74,11.899400000000004,19.817000000000007,7.917600000000004
301,21,1.6,90.1,70.1,2,0,8.07,8.138000000000007,12.81880000000001,4.680800000000003
302,23,4.3,73.3,56.3,3,1,12.75,8.772800000000004,12.964700000000002,4.191899999999999
303,30,9.3,68.1,42.9,3,0,8.17,8.258199999999993,13.094999999999997,4.836800000000004
304,32,6.3,55.4,92.5,1,0,9.77,9.92019999999999,13.2321,3.3119000000000103
305,20,5.8,93.8,63.2,5,0,11.41,12.310300000000007,16.851799999999997,4.54149999999999
306,25,3.4,89.2,77.7,5,1,18.02,11.335800000000004,17.590999999999987,6.2551999999999826
307,33,4.3,58.4,56.7,10,0,15.93,15.156800000000002,18.566399999999987,3.409599999999985
308,30,9.1,75.6,53.1,5,0,11.83,11.574000000000002,15.862599999999997,4.288599999999995
309,27,7.0,74.4,56.5,9,1,18.39,13.464999999999991,18.58110000000002,5.11610000000003
310,34,8.1,81.3,56.6,6,1,16.39,12.191699999999999,16.485000000000024,4.293300000000025
311,22,5.1,97.3,65.4,6,0,13.22,13.39330000000001,17.043000000000003,3.649699999999992
312,26,6.7,79.0,65.3,3,1,15.26,9.292299999999994,14.893199999999988,5.600899999999994
313,29,3.2,77.0,62.3,5,0,9.68,9.67669999999999,12.660600000000011,2.9839000000000215
314,18,7.3,52.5,38.8,10,0,13.92,13.707300000000002,18.213099999999994,4.505799999999992
315,18,4.8,53.1,62.2,7,0,9.95,10.551800000000013,15.419799999999988,4.8679999999999755
316,32,5.0,59.4,41.0,3,0,8.38,8.150799999999997,12.084399999999995,3.9335999999999984
317,19,6.8,51.6,38.2,2,1,9.43,7.891500000000001,9.724099999999984,1.8325999999999834
318,33,9.4,87.2,90.6,5,1,20.19,13.138899999999987,19.604200000000027,6.46530000000004
319,25,1.6,86.2,69.3,3,0,8.22,8.513100000000014,13.62560000000001,5.112499999999995
320,30,8.4,56.8,72.9,5,1,19.19,11.150299999999998,18.573500000000028,7.42320000000003
321,18,3.6,91.8,56.1,9,1,18.11,13.832299999999998,18.34179999999998,4.509499999999983
322,33,5.0,57.7,89.1,10,0,15.91,15.35070000000001,19.638399999999987,4.287699999999976
323,24,1.2,65.1,71.5,1,0,3.83,5.295299999999998,11.957200000000002,6.661900000000004
324,22,3.7,62.4,80.0,4,1,16.61,10.735099999999997,15.86129999999998,5.126199999999983
325,20,5.5,68.6,54.0,10,1,18.25,13.842099999999991,18.0087,4.16660000000001
326,29,1.5,62.7,92.4,5,1,17.83,12.525700000000004,16.988499999999988,4.462799999999984
327,33,5.4,74.4,83.3,2,1,13.74,9.241600000000004,13.446099999999994,4.204499999999991
328,22,9.3,70.4,85.5,2,0,9.88,9.899,13.31310000000001,3.41410000000001
329,31,1.9,99.3,41.2,1,1,9.56,5.4618,10.691699999999978,5.229899999999978
330,22,7.9,52.8,47.6,8,0,13.62,13.365699999999983,17.755400000000005,4.389700000000023
331,32,4.7,57.1,48.6,2,1,11.81,6.806700000000002,11.006499999999981,4.199799999999979
332,34,6.9,52.6,47.6,3,1,9.5,8.334699999999998,11.2723,2.9376000000000015
333,31,3.3,81.3,85.6,2,0,8.01,8.156999999999996,13.055100000000003,4.898100000000007
334,22,2.4,52.7,32.1,4,0,8.43,7.882799999999987,10.702400000000004,2.819600000000017
335,29,2.4,91.8,34.9,1,1,8.81,5.573200000000001,9.488699999999985,3.9154999999999847
336,33,1.6,75.6,47.8,3,0,5.82,6.401000000000002,10.514799999999994,4.113799999999992
337,33,2.7,76.4,43.0,5,1,13.44,9.4403,12.859400000000019,3.419100000000018
338,24,7.0,78.1,45.1,10,1,19.13,13.452499999999992,19.022100000000034,5.569600000000042
339,21,8.9,58.5,81.9,1,1,12.45,8.181900000000002,13.228500000000011,5.046600000000009
340,18,8.3,59.9,66.6,4,0,13.94,11.90860000000002,15.484999999999989,3.5763999999999694
341,22,7.2,65.9,30.4,6,1,14.2,10.648099999999998,14.305800000000012,3.6577000000000144
342,27,2.0,79.7,57.9,4,1,10.35,7.889500000000005,11.467000000000002,3.577499999999997
343,22,3.6,60.5,56.5,7,1,11.65,11.011299999999999,13.409700000000004,2.398400000000006
344,21,3.8,55.8,37.4,7,1,15.82,9.659199999999993,15.673599999999995,6.014400000000002
345,19,3.2,98.5,73.9,6,1,14.51,14.333099999999995,15.552699999999994,1.2195999999999998
346,27,5.6,51.1,75.6,9,1,17.84,13.629499999999998,17.48029999999999,3.8507999999999907
347,18,5.8,90.1,76.9,2,0,7.85,7.9342000000000095,13.348600000000003,5.414399999999993
348,22,4.2,89.4,77.4,10,1,19.82,15.721999999999998,19.756399999999996,4.034399999999998
349,30,4.2,64.9,30.0,8,0,11.59,11.032200000000003,15.272300000000012,4.240100000000009
350,21,8.5,56.8,92.0,8,0,12.1,13.275699999999995,19.044100000000004,5.768400000000009
351,33,8.1,57.3,82.9,10,0,14.98,14.867900000000013,20.0313,5.163399999999989
352,33,3.8,84.9,88.8,4,1,14.06,10.164500000000002,14.46689999999998,4.302399999999977
353,19,9.2,82.1,31.0,6,1,14.2,10.875300000000003,15.074300000000017,4.199000000000014
354,34,9.6,89.1,90.7,6,1,18.88,14.366300000000003,19.47240000000002,5.106100000000019
355,29,3.9,96.9,82.6,5,0,10.76,11.777899999999995,16.628600000000002,4.850700000000007
356,20,4.2,84.6,84.4,1,0,10.35,9.86890000000001,11.9404,2.0714999999999897
357,18,5.6,57.8,36.1,3,0,5.91,6.671899999999998,11.5668,4.8949000000000025
358,18,9.5,62.2,78.0,7,1,19.31,13.432200000000007,19.447699999999976,6.015499999999969
359,28,8.9,92.1,92.4,8,0,16.84,16.28899999999998,20.5725,4.283500000000021
360,22,1.9,60.5,74.1,2,0,4.59,6.162299999999998,12.084500000000002,5.922200000000004
361,29,4.5,53.6,67.1,3,0,7.48,7.622800000000007,11.916299999999994,4.293499999999987
362,20,6.0,85.2,91.5,4,1,16.21,11.394500000000004,16.157100000000003,4.762599999999999
363,18,5.5,70.1,58.8,5,1,15.18,10.115699999999999,14.903500000000001,4.7878000000000025
364,18,2.7,96.0,69.0,3,1,13.26,9.355199999999998,13.319299999999991,3.964099999999993
365,25,8.7,82.5,61.0,5,0,13.78,12.94839999999999,16.610499999999988,3.662099999999997
366,27,7.1,54.5,90.6,8,0,14.55,14.377499999999976,18.167700000000007,3.7902000000000307
367,28,8.5,97.4,34.9,8,0,14.08,13.574200000000001,19.539699999999993,5.965499999999992
368,29,8.7,62.9,62.6,2,0,7.61,7.8598000000000106,13.07499999999999,5.21519999999998
369,30,7.7,66.9,74.7,6,0,13.39,12.718200000000008,17.649499999999993,4.931299999999984
370,29,5.0,70.1,81.5,4,0,14.5,13.437299999999999,13.899099999999999,0.4618000000000002
371,31,6.5,52.6,67.9,9,0,14.85,14.782099999999993,16.993699999999993,2.2116000000000007
372,19,2.4,74.8,89.1,10,0,17.51,16.311499999999995,18.81759999999999,2.5060999999999964
373,20,7.1,56.2,91.2,2,0,9.04,9.016599999999993,13.990799999999995,4.9742000000000015
374,34,2.6,70.0,34.2,8,1,16.5,12.213899999999997,16.0384,3.8245000000000022
375,25,7.2,67.5,56.2,1,1,13.89,7.712600000000001,13.26520000000001,5.55260000000001
376,27,3.1,88.6,31.5,6,1,14.54,8.4394,14.39859999999998,5.959199999999981
377,19,2.1,90.2,51.4,10,0,13.65,13.744100000000001,17.327900000000003,3.583800000000002
378,26,2.5,57.7,64.9,1,0,3.41,4.269400000000004,10.671300000000004,6.4019
379,24,1.0,68.3,89.2,2,1,11.81,7.737500000000008,12.248899999999985,4.511399999999977
380,21,7.5,68.7,85.0,3,0,11.72,11.289700000000014,15.51250000000001,4.222799999999996
381,30,7.6,57.6,38.3,9,1,15.5,13.710099999999994,16.4994,2.789300000000008
382,28,5.6,89.9,36.0,5,1,11.99,10.199400000000006,13.13440000000001,2.935000000000004
383,21,2.5,85.4,68.3,10,1,18.89,13.911600000000004,19.131800000000027,5.220200000000023
384,21,1.8,59.5,64.6,10,1,17.39,12.131500000000006,16.936600000000027,4.805100000000021
385,27,1.2,68.3,47.3,2,1,7.17,3.9804000000000026,7.729899999999995,3.7494999999999927
386,22,2.5,55.3,88.5,10,1,18.27,13.902000000000008,18.03519999999999,4.133199999999981
387,26,9.0,81.4,90.3,5,0,13.79,13.349099999999991,17.76099999999998,4.41189999999999
388,20,3.2,56.1,56.2,5,0,11.94,11.038400000000017,13.3936,2.355199999999982
389,34,4.2,99.3,87.9,1,0,8.27,8.279799999999993,14.359399999999996,6.079600000000003
390,20,1.9,89.0,55.0,3,0,12.47,10.517000000000014,11.900499999999997,1.3834999999999837
391,33,3.0,69.5,77.9,5,0,10.84,10.210600000000003,13.7414,3.5307999999999975
392,21,5.7,78.9,60.9,9,0,11.63,12.188800000000006,18.842200000000005,6.6533999999999995
393,34,6.5,95.6,38.0,10,1,18.62,14.310599999999996,18.433399999999974,4.1227999999999785
394,24,3.2,77.7,90.3,1,0,6.22,6.891900000000009,10.868000000000002,3.9760999999999935
395,22,1.5,58.7,59.5,8,0,11.18,11.391899999999987,15.6572,4.265300000000012
396,29,4.5,68.9,77.7,1,0,8.81,8.402099999999988,11.535400000000003,3.1333000000000144
397,34,3.1,92.2,53.9,9,1,18.28,14.679799999999991,17.984099999999984,3.3042999999999925
398,30,3.0,82.2,31.2,6,0,7.32,8.296600000000007,13.283799999999996,4.987199999999989
399,20,9.6,82.5,36.5,1,1,10.08,9.050999999999998,11.057400000000005,2.0064000000000064
400,26,6.5,93.3,62.3,8,1,19.62,13.675300000000004,19.835299999999975,6.159999999999972
401,34,6.0,94.7,74.8,5,1,18.16,13.107799999999996,17.915400000000023,4.807600000000027
402,34,4.7,96.0,51.8,7,0,11.27,11.731899999999996,15.661200000000008,3.929300000000012
403,33,4.9,54.7,75.2,7,0,7.15,9.333699999999993,15.962399999999997,6.628700000000004
404,30,5.9,77.2,75.4,7,1,15.27,12.1437,16.12509999999999,3.9813999999999883
405,34,7.3,87.0,75.8,6,0,15.0,14.014499999999998,18.273999999999997,4.259499999999999
406,21,7.3,87.8,62.0,8,0,12.48,12.74350000000001,19.2926,6.54909999999999
407,29,2.5,80.3,89.5,9,0,14.01,14.803299999999997,18.536600000000007,3.7333000000000105
408,26,5.5,58.3,61.8,2,1,12.91,6.971100000000003,12.504900000000003,5.533799999999999
409,29,4.7,89.9,59.3,7,0,11.82,11.842400000000005,16.945300000000003,5.102899999999998
410,26,8.8,86.0,43.0,2,1,16.36,7.382099999999999,15.495499999999979,8.113399999999979
411,24,6.7,54.3,50.0,6,0,9.86,10.112000000000007,14.578400000000011,4.466400000000004
412,31,5.8,73.2,32.8,2,1,9.5,6.111400000000002,10.017299999999999,3.9058999999999964
413,32,2.0,58.7,71.2,10,1,19.66,13.096999999999996,18.824800000000018,5.7278000000000215
414,33,6.5,66.9,46.2,6,0,10.84,10.583300000000007,15.432200000000012,4.848900000000006
415,22,2.1,50.9,49.8,2,0,3.99,4.905600000000005,10.424500000000005,5.5189
416,20,4.0,70.0,80.1,1,0,8.85,8.64190000000001,11.069199999999999,2.4272999999999882
417,29,2.3,77.5,51.3,7,0,10.48,10.642300000000008,15.2592,4.616899999999992
418,21,7.2,81.0,45.7,3,1,11.32,8.9467,11.97170000000001,3.0250000000000092
419,33,2.9,83.2,41.0,4,0,8.66,8.792899999999998,11.628700000000002,2.8358000000000043
420,24,4.5,91.8,80.4,6,1,16.89,13.235199999999997,17.42230000000002,4.187100000000024
421,30,9.1,60.8,38.4,5,0,6.64,8.787999999999995,15.033899999999992,6.245899999999997
422,27,2.8,56.0,59.5,4,0,6.44,7.041700000000013,11.4608,4.419099999999988
423,24,5.6,92.6,63.0,9,1,22.95,13.6416,21.615100000000016,7.973500000000016
424,31,4.8,57.8,74.7,6,1,15.51,11.389500000000005,15.122900000000001,3.733399999999996
425,22,1.2,98.7,71.2,6,0,14.31,14.060999999999979,16.335700000000003,2.274700000000024
426,20,8.1,92.1,82.7,2,1,16.2,9.379100000000003,15.075700000000017,5.696600000000014
427,28,1.6,75.0,32.9,6,0,11.57,10.542700000000014,12.942899999999995,2.4001999999999803
428,28,5.3,99.1,49.3,7,1,18.25,11.930399999999995,17.765099999999997,5.8347000000000016
429,32,6.0,54.9,48.2,8,0,10.06,10.620899999999983,16.95019999999999,6.329300000000009
430,29,6.7,65.2,39.5,8,0,13.22,12.770800000000014,17.3865,4.615699999999988
431,26,7.2,81.9,48.8,9,1,16.71,14.329999999999993,17.557300000000023,3.22730000000003
432,27,3.3,67.5,50.1,10,0,15.21,14.332100000000008,15.834400000000002,1.5022999999999946
433,29,1.1,96.4,63.9,3,0,9.2,8.35670000000001,12.945800000000002,4.589099999999991
434,34,7.5,53.3,73.1,10,0,15.17,14.990200000000009,18.8762,3.885999999999992
435,23,5.8,77.5,54.8,7,1,15.66,11.963699999999996,15.819300000000007,3.8556000000000115
436,24,8.5,79.5,76.8,7,1,20.41,11.999700000000002,19.81510000000002,7.815400000000016
437,31,8.4,82.6,51.9,1,1,12.57,8.561700000000002,12.969600000000003,4.4079000000000015
438,30,8.6,62.8,48.9,8,0,9.06,10.967299999999987,18.907200000000017,7.93990000000003
439,25,5.4,68.2,65.2,4,1,10.6,9.2113,12.057100000000002,2.8458000000000023
440,27,4.0,92.2,31.5,5,0,6.8,7.444999999999993,13.7765,6.331500000000007
441,26,8.1,59.7,35.2,6,0,11.94,11.80030000000002,15.953999999999999,4.153699999999979
442,19,5.1,91.3,57.2,3,1,15.59,9.265700000000008,15.260099999999989,5.994399999999981
443,22,2.7,78.1,91.3,5,0,12.23,12.100300000000006,16.070000000000004,3.969699999999998
444,22,8.7,88.1,76.9,10,0,17.29,16.972899999999985,21.450699999999998,4.477800000000013
445,23,8.9,85.7,35.7,5,1,18.52,10.925900000000002,17.33859999999999,6.412699999999987
446,25,5.2,60.4,85.0,1,1,12.84,8.515599999999997,12.696299999999994,4.180699999999996
447,33,1.7,78.4,77.6,3,0,10.33,10.629900000000012,13.252499999999998,2.622599999999986
448,30,4.5,93.4,69.7,3,0,9.79,9.372699999999993,13.282100000000003,3.9094000000000104
449,18,8.2,71.6,83.3,1,1,12.9,8.5408,12.9097,4.3689
450,34,9.1,98.3,56.3,7,0,13.08,13.483099999999997,19.017400000000002,5.534300000000005
451,24,2.8,72.6,44.4,1,0,10.0,7.850599999999995,10.2284,2.377800000000006
452,30,1.6,57.1,63.3,7,0,8.7,9.680600000000009,16.06000000000001,6.3794
453,21,8.9,69.5,65.7,4,1,16.15,10.474,15.737100000000014,5.263100000000014
454,21,4.5,97.6,65.0,9,0,11.47,12.910700000000014,19.033299999999993,6.122599999999979
455,23,5.9,66.0,66.7,7,0,11.17,11.371799999999993,16.4626,5.090800000000005
456,29,9.7,93.4,91.7,5,0,15.36,14.919799999999988,20.041799999999988,5.122
457,24,1.6,94.1,88.6,7,0,9.63,11.622500000000004,18.196899999999996,6.574399999999992
458,27,6.8,67.5,86.9,9,0,17.08,16.47999999999999,17.8923,1.412300000000009
459,24,1.7,54.2,82.1,10,1,21.59,13.360600000000009,19.732899999999983,6.372299999999974
460,20,4.4,86.2,91.3,6,1,18.17,13.161000000000007,17.568200000000008,4.407200000000001
461,30,8.2,65.6,36.4,1,0,9.16,8.136199999999995,11.81359999999999,3.677399999999995
462,30,4.9,89.1,47.2,6,1,16.07,10.420599999999997,15.866999999999997,5.446400000000001
463,25,10.0,72.1,62.2,1,0,10.0,9.407800000000005,14.6198,5.211999999999994
464,26,6.0,74.3,85.0,4,1,16.47,11.534500000000005,16.012500000000014,4.478000000000009
465,24,3.9,88.9,62.8,8,0,12.16,11.971500000000002,17.981899999999992,6.01039999999999
466,18,3.0,69.1,78.6,5,1,13.39,11.6425,13.586900000000012,1.9444000000000123
467,20,4.2,72.2,39.0,5,0,11.53,10.369199999999989,13.092899999999997,2.723700000000008
468,30,4.4,68.8,46.4,10,1,17.44,13.24579999999999,17.378600000000027,4.132800000000037
469,34,1.6,68.4,77.6,8,1,16.06,12.564500000000002,16.34169999999998,3.7771999999999792
470,18,4.3,76.3,40.7,8,0,11.47,11.522100000000009,17.34100000000001,5.818900000000003
471,23,5.2,90.4,52.8,1,0,8.06,8.242199999999984,11.195700000000004,2.9535000000000196
472,23,7.5,68.1,47.2,5,0,7.91,8.912199999999993,15.521600000000005,6.6094000000000115
473,29,6.9,76.2,52.7,5,1,14.84,10.428799999999999,15.178999999999988,4.750199999999989
474,30,7.4,83.5,76.0,8,0,15.18,14.886000000000001,19.964999999999996,5.078999999999995
475,30,1.1,63.5,53.9,1,1,6.55,5.1098000000000035,7.578299999999995,2.4684999999999917
476,32,3.0,63.9,66.1,7,1,15.72,10.205300000000005,15.464700000000011,5.2594000000000065
477,33,7.0,96.7,36.5,7,0,10.28,10.940999999999988,18.242799999999992,7.301800000000004
478,28,5.4,86.2,82.3,9,0,15.88,15.736900000000025,19.72069999999999,3.983799999999965
479,22,1.0,78.9,54.0,2,1,14.96,5.64,12.915500000000018,7.275500000000018
480,21,8.2,82.4,72.2,3,1,15.17,9.716600000000005,15.20770000000001,5.491100000000005
481,20,8.0,51.5,77.2,4,1,12.68,11.205400000000004,13.452899999999998,2.2474999999999934
482,32,5.9,80.9,43.6,1,0,7.36,6.878500000000007,10.375800000000002,3.4972999999999947
483,26,1.6,75.5,87.5,7,0,13.59,13.061099999999989,17.0374,3.9763000000000126
484,34,7.9,77.3,70.1,10,1,18.66,14.917500000000004,18.955700000000025,4.038200000000021
485,31,6.3,68.0,57.9,3,1,9.78,7.919700000000002,11.507899999999985,3.5881999999999827
486,32,8.0,54.1,41.9,3,1,10.53,8.320200000000005,11.058299999999985,2.7380999999999798
487,18,7.8,59.7,91.2,3,0,10.6,10.357300000000011,14.225999999999988,3.8686999999999774
488,20,8.2,97.5,79.1,8,0,14.42,14.618500000000004,21.665900000000008,7.047400000000003
489,33,5.7,70.4,43.5,9,0,15.07,14.235899999999999,17.676700000000007,3.4408000000000083
490,28,2.3,73.3,52.0,10,1,18.22,12.886099999999994,17.518900000000016,4.632800000000023
491,29,7.0,52.6,82.6,2,0,9.26,9.338499999999998,12.884299999999998,3.5458
492,27,6.6,51.9,75.2,10,1,15.51,14.144400000000005,16.368399999999994,2.2239999999999895
493,33,7.7,85.9,79.8,10,1,22.63,15.522400000000014,22.320900000000034,6.79850000000002
494,25,2.5,76.9,58.7,1,0,10.63,8.2101,9.583800000000005,1.3737000000000048
495,23,2.8,75.4,76.6,9,0,15.72,15.220500000000015,18.6039,3.383399999999984
496,29,9.0,62.2,55.1,6,1,14.95,12.162800000000002,15.850000000000012,3.6872000000000096
497,25,7.7,87.2,43.7,9,0,13.65,13.472300000000002,18.279500000000013,4.807200000000011
498,21,9.2,58.4,71.1,6,0,13.33,13.1938,17.10809999999999,3.91429999999999
499,25,7.8,59.5,93.4,2,0,12.78,11.592399999999989,13.2759,1.683500000000011
500,22,6.4,73.0,50.2,1,1,10.11,7.316499999999994,10.615100000000002,3.2986000000000075
501,26,6.9,64.3,60.0,8,1,16.44,12.998300000000004,17.35520000000003,4.356900000000024
502,21,9.0,62.4,73.8,3,1,14.72,9.329000000000008,14.62590000000001,5.296900000000003
503,34,6.2,82.3,65.2,1,1,12.39,7.1632,12.7108,5.547600000000001
504,26,6.7,82.5,84.8,8,1,21.03,15.56640000000001,20.611499999999996,5.0450999999999855
505,18,2.4,91.2,79.5,1,1,12.82,8.513100000000007,12.747500000000002,4.2343999999999955
506,30,5.3,70.9,33.8,8,1,12.96,11.399500000000007,14.119700000000012,2.7202000000000055
507,33,7.4,53.7,94.9,1,0,7.69,8.574400000000013,13.022600000000006,4.448199999999993
508,30,3.4,63.7,78.9,9,0,12.65,13.31030000000001,17.349899999999995,4.039599999999984
509,31,2.8,99.0,86.2,9,1,15.15,14.826600000000006,16.810800000000025,1.984200000000019
510,20,3.8,79.8,72.3,9,1,20.18,14.9988,19.65830000000002,4.659500000000019
511,23,3.2,85.5,85.7,3,0,10.31,9.978199999999982,14.419300000000007,4.441100000000025
512,22,2.9,50.4,37.3,4,1,9.66,7.383399999999992,9.783599999999996,2.4002000000000043
513,32,4.8,75.9,52.6,5,0,11.91,11.113199999999997,14.129699999999998,3.0165000000000006
514,19,9.2,51.9,87.0,6,0,13.61,13.615099999999984,16.977199999999993,3.3621000000000087
515,27,5.6,78.5,43.1,9,1,14.95,12.950999999999995,16.088700000000014,3.1377000000000184
516,30,2.7,96.0,35.1,4,0,9.73,9.198000000000008,12.430899999999998,3.23289999999999
517,22,1.7,98.4,81.2,6,1,19.21,14.274799999999988,18.00840000000002,3.733600000000031
518,18,7.3,77.0,84.3,1,0,8.87,9.198200000000003,12.850699999999994,3.652499999999991
519,18,4.4,72.9,40.6,2,0,6.78,7.3779999999999895,11.291199999999998,3.9132000000000087
520,32,8.4,97.3,85.5,8,1,21.12,15.932999999999993,21.325499999999966,5.392499999999973
521,34,6.9,83.7,74.6,4,1,13.44,10.877500000000003,14.03490000000002,3.157400000000017
522,28,8.2,53.2,63.8,10,0,15.12,14.924199999999987,18.435,3.510800000000012
523,34,3.4,73.3,84.0,7,1,15.04,12.883499999999994,15.567399999999989,2.683899999999994
524,30,7.2,62.0,57.3,4,1,14.03,9.392600000000005,13.869699999999987,4.477099999999982
525,18,3.4,73.5,42.6,9,0,12.72,12.981200000000012,15.858900000000007,2.8776999999999955
526,19,9.5,72.8,48.5,9,0,15.25,15.001700000000003,18.09210000000002,3.0904000000000167
527,26,6.7,79.1,62.8,4,1,16.11,8.779900000000003,15.414799999999984,6.6348999999999805
528,20,3.9,67.8,64.5,8,1,14.72,12.195099999999995,15.20810000000001,3.013000000000016
529,18,3.4,58.2,82.4,6,0,11.89,12.26480000000001,16.15749999999999,3.892699999999982
530,33,2.7,75.2,81.4,1,0,9.71,9.568400000000011,12.030499999999996,2.4620999999999853
531,23,7.3,91.5,67.8,7,0,11.25,12.1252,18.02439999999999,5.89919999999999
532,34,3.0,83.2,80.8,1,0,11.58,9.93580000000001,12.542500000000002,2.606699999999993
533,22,6.4,66.9,42.5,3,1,10.49,7.893600000000005,11.078300000000006,3.184700000000001
534,22,3.4,96.8,33.3,8,1,19.52,11.897800000000007,17.858199999999993,5.960399999999986
535,23,7.0,95.6,86.8,9,0,14.25,14.8105,21.536899999999992,6.726399999999993
536,20,8.3,60.5,34.9,3,1,12.38,8.676100000000002,12.017000000000005,3.340900000000003
537,22,8.0,52.0,46.0,1,1,10.51,7.541000000000001,10.720999999999995,3.1799999999999935
538,22,7.8,87.1,75.2,1,1,11.3,9.52090000000001,12.240399999999983,2.7194999999999734
539,27,2.7,91.4,56.6,7,1,17.48,11.542900000000001,16.751200000000008,5.208300000000007
540,27,1.8,98.4,87.0,5,1,17.49,11.7794,16.643800000000006,4.864400000000005
541,34,7.3,94.5,49.4,1,1,14.15,6.735500000000002,13.676600000000013,6.941100000000011
542,31,4.3,80.0,30.8,6,0,9.32,9.075900000000013,13.3615,4.285599999999986
543,26,4.9,76.5,49.5,6,0,9.39,9.799899999999994,14.023,4.223100000000006
544,31,1.3,51.4,67.6,4,1,13.87,9.602200000000009,12.938799999999992,3.336599999999983
545,18,3.3,62.3,54.4,7,0,11.44,11.470500000000017,14.818400000000008,3.3478999999999903
546,30,1.3,73.0,64.8,7,0,9.84,10.44410000000001,15.018099999999997,4.573999999999987
547,30,8.9,81.4,87.0,9,0,16.65,16.03200000000002,20.394699999999986,4.362699999999965
548,21,3.2,77.9,89.3,1,1,9.09,7.587500000000007,10.307000000000006,2.719499999999999
549,18,6.0,87.1,47.3,5,1,15.34,10.045099999999998,15.632599999999984,5.587499999999986
550,34,1.4,64.0,60.0,10,0,14.58,14.281600000000001,16.51529999999999,2.2336999999999883
551,25,7.0,78.2,65.7,3,0,9.42,9.298499999999995,14.347999999999987,5.049499999999991
552,19,3.9,54.4,91.7,7,1,17.89,12.255399999999995,17.34830000000002,5.092900000000025
553,25,9.1,70.7,94.9,4,0,13.97,12.771000000000015,15.658399999999999,2.8873999999999835
554,24,9.0,87.5,45.3,4,1,15.99,10.993100000000009,15.9608,4.967699999999992
555,19,3.9,84.7,77.3,1,0,11.72,10.625000000000014,12.1875,1.5624999999999858
556,20,9.1,99.5,54.6,1,1,16.85,10.3384,15.410999999999987,5.072599999999987
557,29,10.0,63.9,30.5,10,1,19.97,12.869199999999992,19.596300000000014,6.727100000000021
558,18,8.4,74.9,30.6,2,1,12.95,8.167399999999999,12.41560000000001,4.248200000000011
559,29,8.6,66.5,59.9,2,1,12.85,7.829000000000007,13.22759999999999,5.398599999999983
560,22,3.2,72.0,61.7,1,0,5.55,6.723399999999999,10.720000000000002,3.9966000000000035
561,34,6.2,92.8,31.5,8,0,13.9,13.278100000000002,16.99559999999999,3.717499999999987
562,33,1.6,84.2,74.7,6,1,14.99,12.584099999999992,15.525000000000004,2.9409000000000116
563,32,1.9,94.1,49.1,6,1,12.69,10.0596,13.997300000000022,3.9377000000000226
564,32,10.0,60.2,66.4,10,0,14.02,14.614299999999993,19.44570000000001,4.831400000000016
565,22,3.9,93.7,49.6,10,1,17.38,14.712199999999998,17.51630000000002,2.8041000000000214
566,31,7.7,53.0,40.9,9,1,20.48,13.484199999999996,19.25490000000001,5.770700000000014
567,19,8.3,94.4,56.5,5,1,18.56,12.980600000000004,18.044199999999975,5.063599999999971
568,28,8.7,66.5,45.1,4,1,14.33,10.042900000000003,13.985299999999993,3.9423999999999904
569,24,10.0,65.7,64.8,6,1,18.15,11.803099999999997,17.977200000000007,6.17410000000001
570,23,3.2,75.6,42.9,8,1,16.67,11.8041,16.294300000000018,4.4902000000000175
571,19,1.4,97.0,63.0,1,1,9.62,6.918899999999999,10.268800000000006,3.349900000000007
572,23,4.7,52.4,40.2,7,1,11.77,10.5033,12.80109999999999,2.29779999999999
573,19,2.2,67.6,73.6,8,1,18.44,12.770399999999995,17.644600000000022,4.874200000000027
574,32,1.2,92.8,79.0,9,0,11.53,12.625999999999987,18.1664,5.540400000000012
575,19,4.2,69.8,37.2,8,0,11.37,11.468999999999992,16.279600000000002,4.81060000000001
576,23,8.1,60.0,60.4,7,0,11.0,12.047400000000003,16.6031,4.555699999999998
577,18,6.1,71.2,34.6,3,1,12.57,8.190799999999998,12.421500000000007,4.2307000000000095
578,32,3.8,69.3,68.9,2,1,11.52,8.4012,11.716599999999993,3.3153999999999932
579,27,6.9,95.8,47.2,3,1,15.38,9.8754,14.725300000000018,4.849900000000018
580,34,3.1,88.1,64.3,4,1,9.44,9.322000000000006,11.124400000000016,1.8024000000000093
581,22,1.1,75.3,63.6,4,0,11.16,10.0461,12.583700000000006,2.5376000000000065
582,21,7.9,99.4,90.1,6,0,15.73,15.267500000000005,21.86990000000001,6.602400000000003
583,27,6.6,73.3,65.7,7,1,19.21,12.122599999999995,18.518600000000013,6.396000000000019
584,34,7.9,52.9,67.9,4,0,11.95,11.208500000000015,13.805499999999995,2.59699999999998
585,27,1.4,63.1,56.1,10,0,13.68,13.542900000000005,15.901699999999991,2.3587999999999862
586,34,8.5,71.8,91.7,6,1,17.09,12.64970000000001,17.91469999999998,5.264999999999969
587,22,6.6,57.8,80.5,9,0,15.49,15.003900000000005,17.838399999999993,2.834499999999988
588,19,6.1,97.4,48.6,6,1,17.12,11.645600000000002,16.816599999999973,5.170999999999971
589,23,6.6,88.3,84.9,3,0,12.7,11.933800000000009,15.476000000000004,3.542199999999996
590,19,8.8,63.4,58.1,1,1,13.64,8.064300000000008,13.49150000000001,5.427200000000001
591,30,6.3,79.5,83.9,10,0,16.34,16.34109999999999,19.6882,3.347100000000008
592,28,6.2,86.1,83.5,10,0,17.17,16.619100000000014,20.7047,4.085599999999985
593,28,9.9,97.1,42.3,5,1,17.97,13.3074,17.547800000000013,4.2404000000000135
594,33,7.8,94.1,75.6,10,1,23.78,15.6922,22.9598,7.267600000000002
595,28,5.0,75.8,48.9,10,1,21.71,13.999599999999992,19.980800000000016,5.981200000000024
596,32,7.4,88.7,49.3,3,0,10.57,10.200800000000017,14.147900000000007,3.94709999999999
597,33,4.5,78.1,49.3,8,0,13.39,12.587500000000007,16.569100000000013,3.9816000000000056
598,28,3.1,77.6,77.2,10,1,18.53,14.949500000000011,18.495999999999995,3.546499999999984
599,33,6.4,55.7,44.9,1,0,5.63,5.787399999999998,9.635999999999992,3.848599999999994
600,25,9.4,56.3,30.1,2,0,5.69,6.263000000000005,11.870599999999992,5.607599999999987
601,21,9.4,76.5,76.5,3,1,9.41,9.826300000000007,11.671399999999997,1.8450999999999897
602,25,4.1,63.4,41.1,3,0,5.7,6.5869000000000035,10.927000000000003,4.3401
603,21,5.7,51.1,36.8,8,0,10.85,11.59280000000001,15.283799999999992,3.690999999999983
604,20,2.9,86.1,45.4,5,0,8.97,9.32140000000001,14.6751,5.353699999999991
605,20,10.0,51.6,54.7,8,1,18.63,13.7533,18.379100000000026,4.625800000000027
606,22,9.8,79.8,60.9,6,0,11.08,11.563900000000006,17.067999999999998,5.504099999999992
607,27,6.8,77.0,32.9,2,1,10.29,7.0708999999999955,10.71729999999999,3.6463999999999936
608,23,8.2,98.4,93.1,4,0,8.63,10.649099999999999,16.986299999999993,6.337199999999994
609,18,7.4,74.2,76.5,9,1,20.64,15.541299999999996,19.885500000000025,4.344200000000029
610,22,6.3,53.2,51.0,4,0,7.15,8.333799999999993,13.152900000000015,4.819100000000022
611,26,1.5,77.6,50.7,5,0,7.81,8.878499999999992,12.684300000000006,3.805800000000014
612,29,5.1,92.1,59.2,5,1,16.73,11.217400000000003,16.063600000000008,4.846200000000005
613,31,7.1,99.8,70.7,10,1,19.6,16.352300000000003,20.48889999999998,4.1365999999999765
614,19,7.1,71.5,39.5,8,1,17.55,12.746600000000011,17.343899999999984,4.597299999999972
615,34,4.4,66.0,42.3,6,1,11.56,9.293599999999998,12.50499999999998,3.2113999999999816
616,31,9.5,95.3,85.9,10,0,17.49,17.081300000000002,22.16579999999998,5.084499999999977
617,30,2.5,59.6,46.7,7,0,9.13,9.308599999999998,14.874900000000004,5.566300000000005
618,26,5.5,80.8,54.7,6,0,10.8,10.943499999999986,14.610399999999997,3.6669000000000107
619,32,7.2,70.3,86.6,5,1,19.75,13.008299999999995,18.627999999999993,5.619699999999998
620,32,7.3,52.1,73.1,5,0,7.76,9.082799999999995,15.602500000000004,6.519700000000009
621,28,6.8,67.4,52.2,3,1,15.94,8.944000000000006,14.795600000000025,5.851600000000019
622,33,3.5,63.3,74.4,7,0,10.26,11.211599999999997,15.396600000000001,4.185000000000004
623,34,2.4,84.3,31.3,10,1,18.48,11.950999999999997,18.527100000000015,6.576100000000018
624,21,6.7,97.4,77.8,5,0,14.62,14.305599999999977,19.017399999999988,4.711800000000011
625,18,6.4,63.4,61.7,7,0,13.05,12.714799999999984,16.490999999999996,3.7762000000000118
626,25,2.6,90.6,82.9,2,1,10.88,8.923,11.878000000000013,2.9550000000000125
627,34,7.3,52.8,92.1,9,1,19.91,14.675299999999998,19.666700000000027,4.991400000000029
628,20,5.1,76.9,90.2,8,1,23.91,14.762200000000005,21.408600000000014,6.646400000000009
629,32,7.0,53.5,89.1,5,1,15.95,12.857200000000002,16.11040000000002,3.2532000000000174
630,32,8.5,96.7,63.3,2,1,14.8,8.544700000000004,14.637599999999987,6.092899999999982
631,31,2.5,88.3,53.4,6,1,14.49,10.647799999999997,14.950400000000004,4.302600000000007
632,31,1.2,82.9,60.2,8,1,17.07,11.964299999999987,16.834299999999995,4.870000000000008
633,19,8.0,91.2,74.8,7,1,18.93,13.355500000000005,19.24040000000001,5.884900000000007
634,30,6.5,82.4,87.5,8,0,15.44,15.250700000000027,20.661899999999996,5.411199999999969
635,31,7.3,98.4,43.5,4,0,9.57,9.953400000000014,16.604099999999978,6.650699999999963
636,24,8.5,85.7,89.7,3,1,14.5,10.597499999999995,14.685500000000001,4.088000000000006
637,20,8.2,96.2,83.0,7,1,24.48,14.429200000000005,23.1954,8.766199999999994
638,32,9.6,75.9,93.6,2,0,10.76,10.442099999999996,12.1555,1.7134000000000036
639,31,5.8,55.9,87.2,5,0,17.88,15.514600000000025,14.417700000000009,-1.0969000000000158
640,28,5.4,76.4,48.2,7,1,16.84,11.7634,16.66629999999998,4.902899999999978
641,32,4.6,56.3,36.9,1,0,6.68,6.013999999999998,9.7663,3.7523000000000017
642,30,2.4,79.6,37.3,4,1,11.39,7.633000000000001,11.558100000000001,3.9251000000000005
643,23,6.2,74.1,48.9,2,1,11.04,7.539099999999993,11.19509999999999,3.655999999999996
644,20,3.5,81.1,69.9,6,0,11.03,11.121899999999988,15.974399999999997,4.85250000000001
645,32,9.3,50.5,82.3,1,1,11.5,8.130400000000003,12.111699999999999,3.9812999999999956
646,22,6.2,59.7,88.5,7,1,15.64,12.454700000000004,16.457600000000017,4.002900000000013
647,27,6.3,74.6,70.5,3,1,17.74,9.984199999999998,16.579300000000003,6.595100000000006
648,24,4.2,97.5,30.4,1,0,7.89,7.622599999999992,11.107999999999999,3.4854000000000065
649,34,1.5,69.2,42.1,8,0,13.95,13.379500000000016,15.505700000000001,2.1261999999999848
650,24,1.3,71.2,36.5,7,1,15.75,9.893699999999997,15.455400000000004,5.561700000000007
651,29,4.8,85.7,53.6,2,0,6.85,6.9197000000000095,12.352100000000002,5.432399999999992
652,34,1.8,80.2,62.6,7,0,8.51,9.413099999999995,15.894500000000004,6.48140000000001
653,30,6.5,64.9,32.8,3,0,6.69,7.441700000000005,12.5953,5.153599999999995
654,21,8.9,70.5,52.7,9,0,14.36,14.132899999999985,17.610400000000013,3.4775000000000276
655,27,8.9,60.9,41.6,8,0,14.82,13.9714,17.503500000000003,3.5321000000000033
656,20,6.9,98.3,72.1,5,0,12.17,12.934800000000001,19.773799999999984,6.838999999999983
657,26,2.9,56.5,60.2,7,1,20.53,10.037200000000004,17.927999999999994,7.89079999999999
658,30,8.8,68.6,62.2,3,1,13.59,8.895300000000006,13.72709999999999,4.831799999999983
659,32,9.0,51.3,57.8,1,0,8.66,7.830799999999998,12.677300000000002,4.846500000000004
660,21,2.8,61.1,92.1,1,1,10.38,7.205000000000004,10.8133,3.6082999999999963
661,32,7.6,89.0,44.0,2,0,9.18,8.686399999999994,12.917700000000004,4.23130000000001
662,19,3.6,60.1,63.6,8,1,15.77,12.225599999999993,15.835399999999993,3.6098
663,32,8.2,54.0,77.8,1,0,7.86,8.00210000000001,12.632100000000012,4.630000000000003
664,25,10.0,73.7,66.2,5,0,10.78,11.306099999999988,17.36870000000001,6.062600000000023
665,25,1.3,50.5,90.4,9,1,17.06,14.056600000000005,17.13909999999997,3.082499999999966
666,34,9.1,54.2,54.6,9,0,15.5,15.150199999999995,17.284800000000004,2.1346000000000096
667,29,6.6,90.4,60.1,2,1,11.81,7.901100000000002,12.225799999999976,4.324699999999974
668,27,9.8,88.6,35.8,7,0,12.4,12.682699999999997,17.985500000000023,5.302800000000026
669,26,5.2,95.8,69.6,1,0,9.44,9.471900000000016,14.067899999999995,4.595999999999979
670,22,8.6,92.7,48.7,3,1,16.28,10.305300000000003,15.707699999999987,5.402399999999984
671,23,1.6,84.2,40.4,6,1,17.4,9.756300000000003,16.932700000000015,7.176400000000012
672,19,4.0,52.6,65.4,9,0,14.21,14.431500000000003,16.974399999999992,2.542899999999989
673,30,1.6,89.1,64.6,10,0,13.5,13.385900000000001,18.2409,4.854999999999999
674,23,9.8,92.3,34.9,2,0,7.43,7.9788999999999906,13.917500000000002,5.938600000000012
675,22,8.4,90.0,75.4,7,1,18.07,13.296600000000005,18.598199999999984,5.301599999999979
676,18,8.7,75.4,70.5,4,0,9.89,10.354399999999996,15.422699999999997,5.068300000000001
677,23,9.4,61.6,42.3,2,0,8.34,8.182400000000005,12.275399999999983,4.092999999999979
678,23,1.8,92.3,60.5,3,1,13.6,8.697400000000005,13.24079999999999,4.543399999999984
679,33,4.5,86.4,76.8,6,0,14.01,13.205899999999994,16.686999999999998,3.481100000000003
680,21,1.6,99.0,64.4,10,0,15.92,15.265900000000013,18.702899999999993,3.43699999999998
681,28,2.9,57.8,55.7,9,0,14.94,14.295200000000028,15.784299999999996,1.4890999999999686
682,26,3.1,61.3,51.0,8,1,13.92,11.653399999999998,14.030700000000003,2.3773000000000053
683,20,5.2,60.6,69.7,10,0,17.88,17.288200000000025,19.464099999999988,2.175899999999963
684,25,3.4,89.6,91.0,9,0,14.03,14.618499999999985,19.096200000000003,4.477700000000018
685,22,1.9,59.3,73.7,4,1,13.31,9.1515,13.637499999999987,4.485999999999986
686,21,2.5,53.3,34.9,4,0,6.78,6.877299999999988,10.875300000000005,3.998000000000016
687,23,2.3,99.9,59.9,9,0,13.72,13.950200000000011,18.8374,4.8871999999999876
688,19,9.8,51.2,87.9,8,0,16.13,16.057100000000027,18.982500000000012,2.9253999999999856
689,28,7.8,91.8,36.1,2,1,10.24,8.267199999999995,11.121900000000004,2.8547000000000082
690,21,9.7,68.3,94.3,8,1,18.75,15.4253,19.687000000000012,4.261700000000012
691,32,5.0,92.1,91.7,1,0,10.9,9.85259999999999,14.083999999999989,4.231399999999999
692,23,3.5,77.7,35.1,9,0,12.16,12.250100000000005,16.211700000000004,3.961599999999999
693,34,8.2,95.1,90.7,9,0,16.12,16.56579999999998,21.263799999999993,4.698000000000011
694,23,3.9,96.3,53.6,8,0,10.7,11.736000000000013,15.193299999999992,3.4572999999999787
695,19,3.7,50.5,84.9,5,1,13.75,12.990999999999996,14.011600000000001,1.0206000000000053
696,32,3.1,53.8,57.2,5,0,10.61,10.182000000000007,12.881800000000007,2.6997999999999998
697,28,2.2,62.5,58.7,3,0,6.63,7.440199999999999,10.663200000000002,3.2230000000000025
698,25,3.3,83.5,71.2,5,1,17.78,11.273500000000002,16.96639999999998,5.692899999999977
699,30,4.2,94.4,80.3,4,0,13.25,12.3511,15.089299999999994,2.7381999999999938
700,29,7.1,73.0,32.2,1,1,10.2,7.248299999999996,10.497300000000012,3.2490000000000157
701,22,1.6,80.3,68.6,9,0,12.25,12.477199999999996,18.994200000000014,6.517000000000017
702,23,2.9,59.4,42.1,10,1,10.71,13.1053,12.882100000000014,-0.22319999999998608
703,21,8.3,90.2,52.5,4,0,8.45,9.37160000000001,16.872199999999996,7.500599999999986
704,18,2.3,98.4,52.6,3,1,10.59,9.376900000000001,11.569699999999997,2.1927999999999965
705,34,4.1,63.4,60.5,6,0,7.89,8.845599999999994,13.9364,5.090800000000007
706,29,8.8,74.7,51.7,1,1,12.57,7.368100000000005,12.696200000000006,5.328100000000001
707,32,2.4,54.3,37.0,5,0,8.7,8.998400000000009,12.046399999999998,3.0479999999999894
708,18,1.7,78.0,39.5,7,1,17.78,9.939799999999995,17.095799999999986,7.155999999999992
709,31,5.4,75.1,32.2,2,0,6.95,6.598500000000002,11.108799999999999,4.510299999999996
710,23,3.7,57.2,60.6,10,1,13.3,12.703100000000001,14.64629999999998,1.9431999999999796
711,22,6.1,72.1,92.0,9,1,18.35,16.55820000000001,18.70519999999998,2.14699999999997
712,28,8.2,66.7,37.5,6,1,16.51,11.399700000000012,16.703099999999992,5.30339999999998
713,21,2.2,76.1,91.5,2,1,12.7,9.275300000000009,12.591400000000013,3.316100000000004
714,30,6.2,79.3,77.7,8,0,15.93,15.395100000000008,19.867400000000004,4.472299999999995
715,28,5.5,50.4,71.4,8,0,11.83,12.718399999999997,17.528999999999993,4.8105999999999955
716,20,2.3,88.1,71.9,1,1,14.02,7.809300000000003,13.485099999999996,5.675799999999993
717,18,6.6,85.7,83.7,1,0,9.7,9.35720000000001,13.159699999999997,3.802499999999988
718,23,3.5,68.3,36.9,1,0,6.11,5.920400000000005,9.626000000000001,3.705599999999996
719,27,5.4,52.6,62.8,4,0,9.57,9.300300000000012,13.052599999999991,3.7522999999999787
720,22,1.7,87.7,75.3,4,0,8.49,9.006900000000003,14.917200000000003,5.910299999999999
721,27,5.1,97.8,68.1,8,1,18.62,14.020499999999995,18.615499999999976,4.594999999999981
722,29,3.8,62.0,84.1,1,1,12.21,6.407200000000001,11.883500000000005,5.476300000000004
723,19,8.4,66.2,34.7,10,1,15.6,12.887700000000002,16.425399999999986,3.537699999999983
724,30,1.5,59.2,74.9,3,0,8.46,8.313800000000006,12.222100000000003,3.908299999999997
725,25,4.8,78.8,64.7,1,1,14.32,7.0455999999999985,13.416900000000005,6.371300000000007
726,19,5.1,57.7,54.6,9,1,17.72,13.9396,17.21200000000001,3.27240000000001
727,18,7.5,67.8,52.1,10,1,21.73,15.576299999999994,20.381600000000006,4.8053000000000115
728,22,6.2,84.9,70.4,9,1,20.26,14.9346,20.171599999999998,5.236999999999998
729,26,7.0,78.0,87.9,7,1,16.9,12.891700000000004,17.573300000000014,4.68160000000001
730,34,8.0,69.3,62.3,8,0,15.18,14.824500000000002,18.5137,3.689199999999998
731,26,8.8,71.0,83.6,1,0,7.03,7.710699999999988,13.582199999999998,5.871500000000011
732,28,3.8,78.1,56.1,5,0,9.68,9.851199999999983,13.304000000000006,3.452800000000023
733,32,5.8,50.3,36.7,2,1,9.72,6.6558,9.713500000000012,3.057700000000012
734,23,8.6,53.9,34.0,1,1,9.28,6.944999999999996,9.997099999999987,3.0520999999999914
735,20,9.9,94.1,33.3,3,1,19.49,9.748099999999999,17.403500000000005,7.6554000000000055
736,34,9.0,53.9,54.7,7,1,16.48,11.3432,16.612500000000008,5.269300000000008
737,22,4.3,85.3,51.9,1,1,15.0,8.711499999999997,13.607800000000003,4.896300000000005
738,29,2.8,96.0,76.7,2,1,14.04,8.507099999999998,13.95079999999999,5.443699999999993
739,31,5.4,63.5,78.3,2,1,11.21,9.037500000000001,11.603700000000009,2.5662000000000074
740,28,7.7,68.5,33.3,4,0,8.03,8.03669999999999,12.982799999999997,4.946100000000007
741,26,5.4,78.4,44.4,3,0,8.25,8.031200000000002,12.329300000000005,4.298100000000003
742,19,5.3,94.1,47.8,3,0,8.25,8.712000000000002,13.423199999999992,4.711199999999991
743,29,8.5,97.1,65.6,10,0,15.77,15.482399999999991,21.36010000000001,5.877700000000019
744,20,4.3,87.0,39.4,5,1,15.19,10.1943,14.579300000000021,4.385000000000021
745,20,8.7,54.3,38.7,3,0,8.87,8.679200000000003,12.003399999999997,3.324199999999994
746,18,4.7,83.5,91.3,7,1,19.6,13.7908,19.016899999999975,5.226099999999974
747,25,4.0,70.5,82.3,5,0,14.28,13.883199999999981,15.456200000000003,1.5730000000000217
748,25,5.1,73.5,41.7,4,0,7.82,8.11090000000001,13.232400000000007,5.1214999999999975
749,28,7.9,52.5,56.4,3,1,15.23,8.347100000000005,14.506600000000013,6.159500000000008
750,26,2.1,59.6,53.1,4,1,14.46,8.252600000000005,13.09840000000001,4.845800000000006
751,22,2.8,89.5,81.4,2,0,11.64,10.559499999999996,12.824600000000006,2.265100000000009
752,31,9.6,72.7,63.2,1,1,9.92,8.187800000000005,11.368399999999992,3.1805999999999877
753,20,2.6,65.1,38.3,3,0,10.51,9.331399999999999,10.222200000000004,0.8908000000000058
754,22,6.1,69.2,78.0,2,1,12.13,10.229700000000006,12.363000000000014,2.1333000000000073
755,22,6.2,92.7,55.8,1,1,9.02,7.820399999999996,10.760699999999995,2.940299999999999
756,31,5.4,87.4,47.1,1,0,10.67,9.047099999999993,11.028500000000006,1.9814000000000132
757,21,6.8,63.6,54.4,2,1,13.25,7.961799999999999,12.957400000000005,4.995600000000006
758,30,3.1,55.9,62.4,9,1,17.46,13.19230000000001,17.42060000000001,4.228300000000001
759,27,6.0,62.6,52.3,5,1,13.48,10.738599999999998,13.627200000000014,2.8886000000000163
760,25,4.3,96.0,45.7,9,1,18.37,14.1271,17.947199999999974,3.8200999999999734
761,25,7.0,79.1,55.9,8,0,13.04,12.922999999999991,19.037100000000013,6.114100000000022
762,24,2.3,76.7,31.2,6,1,11.87,8.8876,12.354399999999984,3.4667999999999832
763,25,6.1,79.8,80.2,1,1,13.29,8.541200000000007,13.221099999999993,4.679899999999986
764,31,2.7,68.3,41.1,10,1,16.78,12.7961,16.544799999999984,3.7486999999999853
765,23,3.5,90.4,32.9,5,0,6.59,7.502699999999997,13.1575,5.654800000000003
766,18,3.0,76.2,72.5,1,1,11.55,8.017600000000003,11.642899999999983,3.6252999999999798
767,32,2.6,55.8,80.3,7,1,11.87,11.819899999999995,13.811699999999982,1.9917999999999871
768,18,8.4,56.5,82.9,10,1,24.17,14.60500000000001,22.06210000000002,7.457100000000009
769,34,3.6,76.8,62.1,8,0,12.5,12.134300000000003,17.361600000000003,5.2273
770,18,9.3,96.8,43.3,8,0,11.65,12.57620000000001,19.1147,6.538499999999988
771,32,9.7,65.4,77.9,7,0,14.91,14.673900000000012,20.747799999999998,6.073899999999986
772,19,6.1,93.5,75.5,2,0,8.21,8.45450000000001,13.323900000000002,4.869399999999992
773,31,2.3,88.2,46.0,5,1,13.57,9.694600000000007,13.720999999999998,4.026399999999992
774,25,4.4,62.4,88.7,4,1,15.43,11.432600000000006,15.394100000000007,3.961500000000001
775,25,8.2,51.8,36.8,5,1,11.68,11.046500000000007,12.82049999999999,1.7739999999999831
776,24,4.3,55.1,93.9,10,1,23.07,14.526800000000001,21.729699999999983,7.202899999999982
777,23,1.8,86.4,85.9,9,0,18.63,17.018500000000028,19.77520000000002,2.7566999999999915
778,23,6.0,60.0,74.7,4,0,9.18,9.680199999999981,14.842499999999998,5.162300000000016
779,20,8.6,68.6,91.0,8,1,17.57,15.246000000000006,17.78689999999999,2.540899999999983
780,24,8.2,75.1,77.0,8,1,18.22,14.946800000000007,18.475400000000015,3.528600000000008
781,25,2.6,86.3,42.4,2,1,10.12,6.250400000000001,10.321700000000003,4.071300000000003
782,27,7.1,55.7,58.7,6,0,13.4,12.57990000000001,15.89740000000002,3.3175000000000114
783,32,3.0,70.3,34.6,5,1,11.42,9.559400000000013,11.7771,2.2176999999999882
784,32,3.0,74.3,55.3,2,0,5.02,5.524499999999996,10.4192,4.894700000000004
785,18,8.9,77.0,78.2,10,1,21.52,16.473899999999997,21.18609999999999,4.712199999999992
786,24,3.2,90.9,55.1,4,1,10.8,8.482500000000002,11.527299999999984,3.0447999999999826
787,21,3.4,58.6,51.5,7,1,16.6,11.29920000000001,15.623699999999994,4.3244999999999845
788,23,1.0,90.4,68.7,1,0,8.4,7.378399999999991,13.577800000000007,6.199400000000016
789,18,8.8,84.6,86.7,9,1,20.09,15.60390000000001,20.684699999999978,5.080799999999968
790,22,8.1,77.8,33.1,10,0,13.03,12.933899999999987,17.7041,4.770200000000013
791,18,6.6,85.0,55.1,1,0,8.25,8.215300000000001,12.101500000000005,3.886200000000004
792,21,7.8,70.6,40.3,5,1,12.46,9.843499999999992,14.082500000000012,4.23900000000002
793,19,2.4,56.9,75.2,7,0,10.09,10.541100000000005,16.24979999999999,5.708699999999984
794,27,5.1,83.3,36.9,8,1,16.0,11.906100000000004,16.2726,4.366499999999997
795,22,4.2,76.2,73.2,2,0,5.96,7.191300000000007,11.914700000000005,4.723399999999998
796,27,1.8,82.0,48.6,4,1,11.54,8.861300000000004,11.950099999999994,3.08879999999999
797,18,5.4,66.9,42.9,2,1,9.1,6.251899999999993,9.929400000000008,3.6775000000000153
798,23,9.3,95.3,90.9,4,0,15.78,14.401799999999986,17.385700000000003,2.983900000000018
799,30,1.4,79.4,31.2,6,1,12.08,9.221700000000006,12.534600000000003,3.3128999999999973
800,32,3.6,54.3,58.5,6,1,11.99,10.704399999999996,12.609600000000011,1.9052000000000149
801,21,2.9,72.5,31.4,2,1,11.3,6.668799999999996,10.918499999999986,4.24969999999999
802,30,3.1,87.8,61.4,4,1,12.64,8.826800000000004,12.501500000000005,3.6747000000000014
803,32,9.2,89.7,62.6,4,1,14.29,11.546299999999997,15.169599999999988,3.6232999999999915
804,25,5.2,74.7,50.9,1,0,8.66,7.575499999999997,10.958800000000004,3.3833000000000064
805,22,5.2,94.7,38.6,2,0,7.02,7.71519999999999,11.261399999999995,3.546200000000005
806,32,7.8,63.4,54.5,3,0,10.66,9.932799999999991,13.128800000000002,3.1960000000000104
807,21,2.4,70.5,73.7,5,1,14.14,10.455599999999997,14.575200000000013,4.119600000000016
808,29,5.4,94.9,80.9,8,1,19.61,15.439200000000003,19.473199999999977,4.033999999999974
809,30,4.9,94.8,64.5,6,1,17.85,12.253300000000003,17.306099999999986,5.0527999999999835
810,19,6.4,84.3,68.3,3,1,13.32,9.343800000000002,13.9778,4.633999999999999
811,21,10.0,92.9,43.0,6,1,15.97,13.489,16.175700000000013,2.6867000000000125
812,21,7.9,54.4,48.7,7,0,14.05,13.33609999999998,15.872499999999997,2.5364000000000164
813,28,4.6,93.2,40.5,6,0,11.93,11.732299999999992,15.926499999999997,4.194200000000006
814,22,8.4,66.0,46.2,10,1,18.84,13.72299999999999,18.462399999999985,4.7393999999999945
815,28,2.5,58.9,44.6,6,0,11.01,10.227199999999995,12.593299999999992,2.3660999999999976
816,27,1.3,62.0,63.8,1,1,10.69,5.185800000000003,10.454200000000016,5.268400000000013
817,25,2.8,70.9,66.6,3,0,10.44,9.591500000000018,12.625699999999997,3.034199999999979
818,23,4.1,62.6,91.4,7,0,10.79,11.913199999999991,16.932600000000008,5.019400000000017
819,23,5.6,66.0,42.7,4,1,12.75,8.1862,12.937499999999998,4.751299999999999
820,25,6.5,56.7,71.7,4,0,12.37,11.501699999999987,14.167700000000004,2.6660000000000164
821,32,9.2,64.8,83.1,7,1,22.03,13.752299999999996,21.169599999999992,7.417299999999996
822,31,5.6,78.6,66.4,9,0,13.21,13.74910000000001,18.7768,5.027699999999992
823,28,5.5,72.1,46.6,2,1,12.05,6.335900000000001,11.837399999999986,5.501499999999985
824,29,1.5,67.3,47.1,9,1,15.56,12.714699999999995,15.696199999999982,2.9814999999999863
825,30,1.3,87.3,32.6,3,1,8.43,6.423999999999998,9.398299999999988,2.9742999999999906
826,25,6.0,94.7,49.9,6,1,15.85,11.696199999999994,16.083099999999988,4.386899999999994
827,18,4.9,87.8,78.4,4,0,7.82,9.353900000000015,15.878699999999988,6.524799999999972
828,32,8.6,66.6,33.1,1,0,6.27,6.356999999999994,11.889299999999997,5.532300000000003
829,25,2.4,87.2,44.3,9,0,10.55,11.373899999999983,16.423999999999996,5.050100000000013
830,28,1.2,57.6,75.9,6,1,14.29,10.684999999999995,14.09539999999999,3.4103999999999957
831,29,5.0,56.5,80.9,8,1,16.65,12.933300000000004,16.997700000000016,4.064400000000012
832,29,3.1,67.3,59.6,2,0,6.72,6.738500000000009,10.628999999999998,3.8904999999999887
833,21,1.4,90.4,75.4,7,1,19.56,13.250299999999998,18.747499999999974,5.497199999999976
834,33,7.5,62.3,55.2,6,0,11.45,11.748900000000015,16.192600000000017,4.4437000000000015
835,21,2.0,53.2,40.4,2,0,9.47,7.8235000000000126,9.970000000000004,2.1464999999999916
836,22,6.5,56.6,55.9,2,1,12.72,6.916700000000003,12.504400000000018,5.587700000000015
837,22,3.5,92.9,67.7,4,0,11.88,10.990000000000007,15.204799999999986,4.214799999999979
838,25,2.6,81.7,91.6,4,0,9.14,9.767299999999993,15.4915,5.724200000000007
839,27,4.4,62.7,34.5,3,1,9.63,7.066999999999999,10.332699999999999,3.2657
840,34,8.2,77.8,63.0,8,1,18.75,14.409400000000005,18.623399999999997,4.2139999999999915
841,26,4.5,76.4,51.4,7,0,14.01,12.853099999999998,15.100200000000012,2.247100000000014
842,31,7.8,82.8,63.0,2,1,13.28,9.029200000000003,13.31129999999999,4.282099999999987
843,25,2.1,61.7,31.6,3,1,7.04,7.035300000000001,8.409399999999994,1.3740999999999932
844,26,8.0,93.2,50.3,10,0,16.11,15.810399999999982,18.662400000000005,2.8520000000000234
845,28,3.1,65.5,83.3,9,1,18.01,14.101600000000005,17.7212,3.619599999999995
846,18,7.1,84.7,66.0,5,0,10.51,11.1711,17.296699999999984,6.125599999999984
847,31,6.1,50.8,59.3,2,0,6.87,7.015100000000003,12.5304,5.515299999999997
848,22,9.4,68.6,48.6,3,0,7.5,7.8899,13.41839999999999,5.5284999999999895
849,31,4.5,67.6,49.4,8,1,17.9,11.999800000000008,16.888700000000014,4.888900000000007
850,21,1.6,77.2,54.9,4,0,8.71,8.275200000000007,12.1467,3.871499999999992
851,18,1.2,53.6,84.3,2,0,8.2,7.9233000000000064,11.520299999999997,3.5969999999999906
852,25,8.4,89.5,92.9,2,0,9.84,10.110500000000007,13.895600000000007,3.7851
853,32,5.7,60.9,58.5,6,0,13.65,12.733600000000013,14.423300000000005,1.6896999999999913
854,32,8.0,83.9,55.6,8,1,19.02,13.591300000000015,19.247599999999988,5.656299999999973
855,26,3.1,90.2,85.0,7,0,9.05,10.523499999999986,17.850999999999996,7.3275000000000095
856,26,4.1,78.1,57.7,4,1,14.55,8.464900000000004,14.286299999999983,5.821399999999979
857,27,1.3,87.0,65.9,2,1,11.24,6.5924999999999985,11.555900000000007,4.963400000000008
858,26,9.7,83.1,45.0,9,1,19.16,13.2743,19.006200000000025,5.731900000000024
859,20,7.0,67.8,78.3,4,0,12.89,12.320100000000009,14.904299999999994,2.584199999999985
860,28,9.4,90.4,64.6,9,0,15.67,15.160400000000003,19.822300000000013,4.66190000000001
861,23,3.4,64.7,82.6,5,0,14.35,13.691899999999993,15.106399999999997,1.4145000000000039
862,19,6.5,78.6,80.7,7,1,18.38,12.835799999999999,18.320000000000032,5.484200000000033
863,24,7.1,87.3,44.0,5,0,9.66,9.892399999999997,16.075300000000002,6.182900000000005
864,19,3.9,68.9,76.5,2,1,8.8,9.079300000000007,10.13689999999999,1.057599999999983
865,34,8.6,65.1,82.0,6,0,11.57,11.793100000000004,18.847499999999986,7.054399999999982
866,28,9.5,73.0,52.5,7,0,12.15,12.621100000000002,18.984700000000004,6.363600000000002
867,29,9.0,90.9,41.2,6,0,14.77,13.77009999999999,16.587899999999994,2.8178000000000036
868,24,7.7,96.5,30.2,3,0,7.81,8.856899999999984,14.203999999999999,5.347100000000015
869,23,3.5,77.3,59.3,10,1,21.51,13.04659999999999,20.140799999999995,7.094200000000004
870,18,3.5,83.1,52.9,8,0,10.12,11.030700000000001,15.533699999999996,4.502999999999995
871,34,9.7,95.2,66.1,3,1,14.8,10.885900000000003,15.166699999999981,4.280799999999978
872,28,1.1,54.9,42.2,5,1,13.55,9.5574,12.457799999999994,2.900399999999994
873,34,7.4,61.6,85.9,9,1,18.34,14.437199999999997,18.729999999999976,4.292799999999978
874,24,7.4,85.4,46.8,5,0,12.95,11.66080000000001,16.2864,4.62559999999999
875,34,6.6,91.2,44.7,7,1,15.38,11.429699999999999,15.27990000000002,3.8502000000000205
876,26,9.9,92.9,61.2,7,0,12.47,13.191800000000015,19.057600000000004,5.8657999999999895
877,34,3.8,70.8,62.4,5,1,15.46,9.123099999999999,14.302500000000009,5.17940000000001
878,25,4.1,54.5,44.0,2,0,4.84,4.918799999999989,9.7471,4.82830000000001
879,34,1.7,71.9,47.7,5,0,8.42,8.724499999999992,12.615800000000009,3.891300000000017
880,24,5.0,61.5,41.0,7,1,15.51,10.659899999999995,15.196399999999993,4.536499999999998
881,18,3.3,64.6,76.7,7,1,15.48,13.127400000000005,15.658400000000007,2.5310000000000024
882,30,4.1,88.6,80.1,4,0,9.76,9.927999999999999,15.001299999999993,5.073299999999994
883,34,8.5,53.8,60.1,1,0,5.13,5.9964999999999975,12.695700000000006,6.699200000000008
884,30,9.4,91.4,76.4,6,1,21.85,12.852599999999995,20.97889999999997,8.126299999999976
885,33,2.7,71.4,77.8,3,0,12.38,11.66740000000001,13.021599999999992,1.3541999999999828
886,25,4.4,79.8,39.0,5,0,10.1,9.958800000000009,13.775,3.8161999999999914
887,18,9.4,54.5,92.8,4,1,15.86,12.203900000000006,15.237699999999979,3.0337999999999727
888,31,1.6,66.9,83.4,2,1,11.4,9.086400000000008,11.506099999999996,2.419699999999988
889,32,1.8,54.5,43.3,7,1,14.87,9.8794,14.93149999999998,5.05209999999998
890,19,2.5,98.1,42.1,5,1,16.07,10.075799999999997,15.6851,5.609300000000003
891,34,6.4,90.4,38.2,7,0,10.74,11.024400000000004,15.003899999999998,3.9794999999999945
892,23,2.4,73.0,39.0,9,1,17.91,12.591699999999992,17.127900000000018,4.536200000000026
893,21,9.7,61.2,78.6,4,0,12.62,12.14099999999999,15.299699999999996,3.1587000000000067
894,18,5.0,96.7,60.5,5,0,13.29,12.682099999999993,16.4095,3.7274000000000083
895,25,5.5,67.2,80.9,9,1,15.6,15.096700000000004,16.357899999999987,1.2611999999999828
896,24,3.2,58.0,78.5,10,0,13.63,13.672400000000021,17.325099999999992,3.652699999999971
897,20,5.2,78.2,69.3,4,1,14.31,9.891699999999998,14.274999999999972,4.3832999999999736
898,27,7.0,97.2,74.6,5,0,11.46,12.35460000000001,19.091999999999988,6.737399999999978
899,27,7.8,50.2,31.2,5,0,12.85,11.818200000000004,12.951999999999996,1.133799999999992
900,31,7.8,61.9,50.3,8,1,16.31,11.919899999999993,16.96279999999998,5.042899999999987
901,19,6.2,96.9,71.5,4,0,12.17,12.009299999999996,16.48869999999999,4.479399999999995
902,18,9.1,58.6,30.6,4,0,9.07,9.290400000000005,13.046999999999993,3.756599999999988
903,24,8.4,55.7,32.1,7,0,10.4,11.120399999999995,16.920500000000008,5.800100000000013
904,25,7.8,78.5,85.4,5,0,11.16,11.831700000000005,16.72419999999999,4.892499999999984
905,18,1.5,93.1,74.5,6,0,15.8,14.87529999999998,16.0596,1.18430000000002
906,20,1.1,73.9,47.2,6,1,12.85,8.971200000000003,12.9729,4.001699999999996
907,25,2.9,99.7,74.7,6,0,14.0,13.774999999999999,15.976899999999999,2.2019
908,32,7.0,84.0,81.5,10,1,21.06,15.34070000000001,21.04689999999998,5.706199999999969
909,22,4.7,53.7,49.9,5,0,8.36,9.225900000000006,13.582200000000006,4.356299999999999
910,20,4.6,99.6,32.3,5,0,9.97,9.559900000000008,15.821300000000008,6.2614
911,18,9.0,70.4,90.6,9,0,16.71,16.49000000000002,18.397399999999994,1.9073999999999742
912,32,9.1,64.4,52.4,8,0,12.29,12.949199999999992,18.945200000000007,5.996000000000015
913,25,9.2,77.9,36.9,4,0,8.15,8.338599999999987,13.184699999999996,4.846100000000009
914,19,3.8,65.2,62.0,7,0,12.56,11.895899999999978,15.468799999999996,3.5729000000000184
915,20,7.2,54.3,80.0,8,0,14.06,14.346799999999979,18.01,3.663200000000023
916,31,3.4,50.1,44.4,9,0,10.47,11.536600000000007,15.250000000000014,3.713400000000007
917,31,2.7,72.5,47.5,5,1,11.2,9.558200000000001,12.144100000000014,2.585900000000013
918,28,2.7,91.8,45.8,3,1,13.06,8.0512,12.579399999999978,4.528199999999979
919,33,4.1,78.6,94.5,4,0,7.47,8.628700000000011,14.9427,6.313999999999989
920,21,4.9,100.0,42.8,10,1,18.58,14.36719999999999,18.14569999999999,3.778500000000001
921,22,8.5,64.3,67.4,6,1,17.06,12.0523,17.20079999999998,5.148499999999979
922,31,2.1,64.0,90.1,10,0,18.43,16.670400000000008,18.6256,1.9551999999999907
923,33,7.6,58.0,39.5,5,1,13.94,9.920099999999998,14.29440000000002,4.374300000000023
924,24,5.8,58.2,93.1,9,1,18.48,14.851999999999997,18.789800000000007,3.93780000000001
925,27,3.6,64.3,91.6,3,0,10.38,9.7833,13.228199999999994,3.4448999999999934
926,24,5.4,89.6,87.5,2,1,13.18,10.216900000000003,13.485700000000003,3.2688000000000006
927,18,3.7,95.3,43.9,6,1,14.8,11.357399999999993,15.293699999999975,3.9362999999999815
928,33,6.4,98.8,71.2,7,0,13.78,13.828899999999983,19.36589999999999,5.537000000000006
929,21,4.9,61.6,79.5,5,0,12.31,11.769699999999984,14.676800000000009,2.9071000000000247
930,19,2.5,94.1,94.1,1,1,11.86,8.305100000000003,12.60129999999999,4.2961999999999865
931,18,2.0,66.4,41.7,3,1,10.59,8.678000000000003,10.648600000000004,1.970600000000001
932,32,5.9,55.6,79.8,3,0,5.95,7.206000000000006,13.431799999999987,6.225799999999981
933,22,9.1,93.5,52.0,4,0,11.91,11.325800000000001,16.293499999999998,4.967699999999997
934,28,4.1,81.8,41.4,10,1,17.34,11.722099999999998,17.249299999999984,5.527199999999986
935,27,7.6,58.2,57.4,6,0,15.08,14.044799999999993,16.036400000000015,1.9916000000000214
936,19,6.9,71.5,81.6,5,1,17.12,12.530399999999995,17.06539999999997,4.5349999999999735
937,20,9.4,64.4,60.2,1,0,6.36,7.303400000000011,12.865899999999993,5.562499999999981
938,29,8.4,86.8,64.9,6,0,10.56,11.419299999999986,17.738599999999998,6.319300000000013
939,22,6.1,72.7,94.7,9,0,16.96,16.605500000000017,19.690499999999986,3.084999999999969
940,22,6.9,99.5,55.9,1,0,11.9,9.970899999999991,13.673799999999993,3.7029000000000014
941,23,9.1,52.7,70.0,8,0,16.74,16.11300000000001,15.314900000000012,-0.798099999999998
942,26,4.6,67.8,53.7,8,1,13.89,12.243199999999996,14.458900000000007,2.2157000000000107
943,19,3.9,74.1,55.5,3,1,12.85,8.439500000000002,12.7807,4.341199999999997
944,29,1.1,75.2,75.2,9,0,15.75,15.2125,17.709899999999998,2.497399999999997
945,20,8.4,65.8,91.0,8,1,16.92,14.417500000000002,17.617000000000015,3.199500000000013
946,29,8.2,86.5,65.3,3,0,12.38,11.141400000000003,15.111500000000005,3.970100000000002
947,34,1.9,93.7,79.9,10,0,13.88,14.153900000000021,18.718199999999996,4.5642999999999745
948,27,6.2,96.9,35.8,5,0,9.82,10.167800000000017,15.988799999999996,5.820999999999978
949,31,5.2,90.3,43.7,3,0,9.15,8.983199999999988,12.792299999999997,3.8091000000000097
950,34,2.1,92.5,62.6,5,1,16.73,10.8356,15.512200000000014,4.676600000000015
951,34,9.8,77.5,31.3,9,1,21.62,13.5584,20.27339999999997,6.71499999999997
952,31,2.9,91.3,46.4,4,0,8.34,8.720300000000003,12.375699999999993,3.6553999999999895
953,26,1.6,65.2,63.6,6,1,12.92,10.927399999999999,13.373700000000003,2.4463000000000044
954,25,6.4,69.9,31.0,3,0,6.55,6.901099999999997,12.664000000000003,5.762900000000006
955,19,7.6,65.8,47.2,3,0,10.19,9.804700000000015,13.092299999999998,3.2875999999999834
956,30,1.3,73.4,63.4,5,0,11.69,10.850300000000015,12.463900000000006,1.613599999999991
957,24,6.9,64.3,67.3,8,1,19.53,12.882800000000001,19.118799999999986,6.235999999999985
958,26,5.8,98.1,90.2,8,0,15.84,15.861099999999988,21.128400000000003,5.267300000000015
959,28,1.9,65.6,71.9,3,1,12.77,8.851800000000003,12.890099999999988,4.038299999999985
960,31,2.6,54.9,57.0,8,0,11.09,11.202100000000007,16.1621,4.959999999999992
961,21,6.1,76.3,90.5,8,0,14.46,14.853000000000014,19.962500000000002,5.109499999999988
962,30,3.7,52.9,81.0,3,1,14.28,7.361200000000005,13.570299999999985,6.209099999999981
963,19,9.4,55.5,43.0,10,0,14.69,14.258600000000023,18.009199999999986,3.750599999999963
964,22,8.4,61.0,38.5,10,1,17.39,12.996499999999987,17.16990000000002,4.173400000000033
965,28,9.9,73.2,73.9,2,1,17.11,9.228700000000002,15.853699999999979,6.624999999999977
966,23,3.3,71.7,66.4,10,1,17.01,13.941099999999999,17.299899999999994,3.358799999999995
967,27,9.7,90.0,81.3,2,0,11.08,10.932100000000005,13.690100000000006,2.758000000000001
968,21,4.9,87.0,78.0,9,0,12.45,13.287800000000018,19.651900000000005,6.364099999999986
969,26,4.1,71.3,70.6,7,1,14.44,12.861200000000002,15.180900000000017,2.319700000000015
970,23,1.5,66.7,94.1,6,1,15.48,12.156999999999996,15.68940000000001,3.5324000000000133
971,19,1.5,65.8,64.7,7,1,13.33,11.048200000000001,14.001799999999998,2.9535999999999962
972,34,7.2,88.7,37.4,8,0,12.27,11.983399999999996,18.010000000000005,6.026600000000009
973,22,5.1,52.6,83.8,1,0,10.27,9.575999999999995,11.9339,2.3579000000000043
974,23,3.0,50.6,46.4,8,1,14.2,12.098599999999998,14.074600000000018,1.9760000000000204
975,29,6.5,89.8,80.5,3,0,12.54,11.74289999999999,15.105200000000004,3.3623000000000136
976,27,3.3,73.9,92.2,3,0,8.49,9.003800000000005,13.799600000000003,4.795799999999998
977,23,6.2,56.5,75.3,6,0,12.91,12.380500000000001,15.652700000000003,3.2722000000000016
978,25,4.2,61.8,68.7,4,0,7.54,8.378599999999995,14.210899999999999,5.832300000000004
979,19,8.4,96.6,59.9,4,1,15.89,11.246299999999996,16.407800000000012,5.161500000000016
980,29,8.4,93.0,53.7,4,1,17.07,11.176400000000003,16.5477,5.371299999999996
981,30,5.3,85.5,52.9,10,0,14.56,14.386099999999976,18.462400000000006,4.07630000000003
982,24,4.2,74.1,71.4,9,0,15.93,15.425300000000007,18.822000000000006,3.396699999999999
983,27,4.3,76.0,78.8,8,1,19.2,13.919400000000003,18.82720000000002,4.907800000000016
984,30,8.3,98.8,74.1,3,0,10.53,10.960399999999987,15.70589999999999,4.745500000000003
985,34,4.0,98.3,42.9,1,1,14.05,6.3353,12.695999999999984,6.360699999999984
986,31,2.9,60.8,62.1,1,1,10.98,6.1534,10.769500000000008,4.616100000000007
987,19,1.8,90.6,81.5,1,1,11.64,8.61470000000001,12.443100000000001,3.8283999999999914
988,28,5.2,59.9,60.9,4,1,13.61,9.448000000000002,13.519399999999987,4.071399999999985
989,18,5.3,60.7,64.9,6,0,11.37,11.484099999999994,15.002199999999998,3.518100000000004
990,21,8.6,83.8,80.1,4,1,17.24,10.6239,16.8911,6.267200000000001
991,28,3.0,70.3,73.0,3,0,8.63,8.801399999999996,13.635299999999997,4.833900000000002
992,25,4.4,96.6,56.6,8,0,13.97,13.327600000000016,16.80079999999999,3.4731999999999754
993,28,8.3,54.5,88.2,8,0,16.1,15.501099999999983,17.981900000000007,2.4808000000000234
994,21,8.4,75.6,40.6,6,0,12.05,11.550799999999986,15.300400000000007,3.7496000000000205
995,34,4.5,95.9,94.7,9,0,16.72,16.448900000000002,19.65969999999999,3.2107999999999883
996,24,5.1,95.2,37.7,10,0,13.81,13.99989999999997,17.19530000000001,3.19540000000004
997,25,3.7,57.8,31.0,1,1,6.95,5.132899999999999,7.624400000000008,2.4915000000000083
998,20,9.4,68.3,87.9,8,1,17.71,15.502000000000015,18.17610000000002,2.6741000000000046
999,19,2.1,81.0,45.9,6,0,8.63,9.093299999999997,14.4108,5.317500000000003
1000,32,9.4,58.0,77.4,1,1,12.49,8.683000000000005,12.616300000000006,3.933300000000001
1001,22,7.2,98.4,82.7,4,0,15.43,14.159499999999998,16.83639999999999,2.6768999999999927
1002,18,5.8,95.7,85.8,5,1,19.9,13.429500000000004,19.09580000000002,5.666300000000014
1003,21,1.3,58.3,94.5,7,0,11.21,11.697800000000012,17.2111,5.513299999999987
1004,32,5.3,56.1,49.1,8,1,16.68,11.288599999999995,16.5755,5.286900000000006
1005,20,4.7,54.3,76.2,9,0,13.68,14.005900000000002,18.613000000000003,4.607100000000001
1006,28,2.5,95.5,37.5,6,1,14.92,9.481299999999994,15.274999999999999,5.793700000000005
1007,34,6.9,59.7,56.4,10,0,13.24,14.110900000000006,17.80049999999999,3.6895999999999827
1008,30,9.7,70.8,85.1,9,0,20.49,18.619100000000007,20.357000000000017,1.7379000000000104
1009,28,6.1,72.4,53.9,4,0,13.32,11.278900000000013,13.369900000000015,2.091000000000003
1010,19,7.4,80.0,68.4,8,0,13.48,14.09390000000001,18.595300000000005,4.501399999999995
1011,26,1.6,53.6,62.7,3,1,9.66,7.9884,9.822699999999996,1.8342999999999954
1012,19,4.8,61.3,72.0,4,1,15.64,10.186,14.972200000000004,4.7862000000000045
1013,26,2.0,96.6,93.2,10,0,13.64,14.413800000000016,18.9161,4.502299999999984
1014,26,6.5,95.4,33.6,4,1,15.94,9.665099999999999,15.798000000000023,6.132900000000024
1015,25,9.4,89.1,67.3,6,0,13.44,12.83420000000002,18.53149999999999,5.69729999999997
1016,34,7.0,51.0,86.1,9,1,15.99,14.275200000000002,16.989200000000004,2.714000000000002
1017,18,1.7,66.4,61.3,6,0,9.98,10.280000000000008,14.315700000000001,4.035699999999993
1018,28,4.2,81.4,35.1,1,1,8.99,5.540699999999998,9.404200000000001,3.863500000000003
1019,25,6.0,63.8,66.4,5,0,11.06,10.932899999999984,14.7182,3.7853000000000154
1020,27,4.6,95.5,51.6,9,1,18.51,14.371499999999996,17.881199999999996,3.5097000000000005
1021,24,8.5,81.7,40.1,5,0,7.89,9.087199999999989,16.602700000000002,7.515500000000014
1022,20,8.3,53.6,85.2,6,1,16.39,12.694299999999998,16.691700000000015,3.9974000000000167
1023,20,6.5,95.5,63.9,3,1,16.12,9.445300000000003,15.62739999999998,6.182099999999977
1024,22,4.4,97.9,90.7,8,0,16.47,16.18520000000001,19.775999999999996,3.5907999999999873
1025,29,3.3,53.9,82.4,10,1,17.41,13.879500000000009,17.921300000000016,4.041800000000007
1026,29,2.0,76.6,75.0,4,1,14.5,9.442600000000004,14.356600000000004,4.914
1027,23,4.2,65.2,30.3,4,1,12.19,7.944399999999996,12.32010000000002,4.375700000000023
1028,19,4.7,69.6,57.8,5,1,14.14,10.219000000000001,14.439000000000012,4.220000000000011
1029,29,7.1,59.0,42.8,10,1,18.86,12.318999999999981,18.118499999999976,5.799499999999995
1030,22,6.9,78.9,89.2,9,1,18.51,15.857800000000008,18.916899999999988,3.0590999999999795
1031,29,1.6,97.9,41.3,8,1,16.0,12.86180000000001,16.353099999999998,3.4912999999999883
1032,34,4.6,75.2,48.6,7,0,8.23,9.594900000000006,15.4068,5.811899999999994
1033,34,2.6,54.1,63.6,5,1,12.82,9.486500000000001,12.987800000000004,3.5013000000000023
1034,27,2.4,81.0,47.1,9,1,19.42,12.11619999999999,18.343800000000016,6.227600000000026
1035,34,8.4,67.0,43.6,9,1,17.45,13.897399999999998,17.783100000000026,3.8857000000000284
1036,32,1.4,92.8,68.9,10,0,17.23,15.438300000000009,18.418100000000003,2.979799999999994
1037,29,4.8,71.7,35.8,10,0,12.53,12.354599999999987,17.430200000000013,5.075600000000026
1038,33,2.5,59.6,33.8,2,1,7.1,5.566599999999998,8.14660000000001,2.5800000000000116
1039,25,8.9,59.6,54.2,4,1,15.78,10.537300000000009,14.513199999999982,3.9758999999999727
1040,34,6.0,88.4,76.8,8,0,15.32,15.117800000000003,20.50460000000001,5.386800000000008
1041,22,3.1,63.3,66.1,1,0,11.42,9.182099999999993,10.937200000000002,1.7551000000000094
1042,33,5.5,88.4,57.5,5,0,8.94,10.133100000000011,15.571000000000003,5.437899999999992
1043,23,7.6,60.3,66.8,8,1,18.51,13.7377,18.619799999999994,4.882099999999994
1044,25,9.6,66.1,53.8,2,0,9.46,8.925200000000011,13.464599999999987,4.539399999999976
1045,29,3.0,73.3,90.8,2,1,15.12,8.978200000000005,14.226399999999982,5.2481999999999775
1046,32,9.0,97.2,33.6,8,1,19.6,13.223000000000004,19.458699999999975,6.235699999999971
1047,26,9.4,96.6,73.8,10,1,21.7,16.969399999999993,21.928700000000003,4.95930000000001
1048,30,9.2,60.3,87.9,9,0,13.56,14.210499999999984,18.4905,4.280000000000017
1049,32,6.7,67.9,82.3,7,1,18.48,12.585400000000002,18.586200000000012,6.000800000000011
1050,27,6.7,57.5,42.0,8,1,16.8,12.299300000000011,16.913499999999985,4.614199999999974
1051,33,4.6,75.5,49.2,5,0,11.14,10.562999999999995,13.983100000000002,3.420100000000007
1052,24,7.8,73.0,76.6,1,0,8.19,8.426600000000015,13.189099999999996,4.7624999999999815
1053,34,5.8,95.0,35.5,4,1,14.6,10.3501,14.75609999999999,4.40599999999999
1054,24,7.1,96.5,82.8,2,1,12.32,10.689200000000001,13.370100000000003,2.680900000000001
1055,31,4.9,69.2,76.7,3,1,11.6,9.2038,12.282600000000002,3.078800000000003
1056,32,7.6,74.6,77.4,3,0,12.28,11.995399999999986,14.005799999999992,2.010400000000006
1057,24,8.4,94.8,36.5,9,0,14.33,14.168299999999997,18.313500000000012,4.145200000000015
1058,26,2.3,90.3,76.7,10,0,16.07,15.652099999999997,18.040299999999995,2.3881999999999977
1059,33,8.5,50.2,74.2,4,1,13.62,10.599099999999996,14.053299999999984,3.4541999999999877
1060,25,5.9,66.0,84.0,2,1,12.01,10.35480000000001,12.559199999999993,2.2043999999999837
1061,24,8.6,71.1,32.7,3,0,7.47,7.5912000000000095,13.1238,5.53259999999999
1062,20,4.9,61.5,31.5,3,0,7.52,7.597199999999994,10.828000000000007,3.2308000000000128
1063,27,4.4,60.0,54.2,7,1,16.44,11.729000000000003,15.773100000000024,4.044100000000022
1064,24,9.2,51.9,39.7,8,1,16.16,13.511400000000004,16.840000000000018,3.328600000000014
1065,34,3.3,82.2,66.3,6,0,8.09,9.348000000000003,14.904900000000005,5.556900000000002
1066,31,8.6,63.1,89.6,4,1,17.08,11.8839,16.231599999999986,4.3476999999999855
1067,20,5.4,52.6,55.4,6,1,14.89,11.795699999999997,14.143900000000015,2.348200000000018
1068,29,5.6,61.5,84.9,1,0,9.25,8.937800000000001,12.743799999999991,3.8059999999999903
1069,30,3.8,90.1,30.0,10,0,14.87,13.987399999999978,17.036800000000003,3.049400000000025
1070,19,6.2,92.6,41.0,8,0,14.33,13.811600000000004,17.834599999999995,4.022999999999991
1071,20,3.9,74.2,32.0,1,0,8.32,7.644300000000008,10.743699999999999,3.0993999999999904
1072,22,1.4,70.8,51.3,5,1,12.72,9.4012,13.108800000000015,3.7076000000000153
1073,28,3.4,98.9,89.0,2,0,9.0,9.140499999999998,15.43329999999999,6.292799999999993
1074,25,1.1,60.0,36.3,6,0,10.77,10.130299999999997,11.955,1.8247000000000035
1075,29,9.8,60.8,69.4,9,1,21.45,16.595500000000005,20.691800000000022,4.096300000000017
1076,24,9.7,64.6,59.3,5,0,10.86,11.128100000000003,16.753399999999992,5.625299999999989
1077,32,4.6,58.6,91.0,4,1,16.73,11.541200000000005,15.676900000000007,4.135700000000002
1078,34,7.6,69.0,38.0,2,0,7.62,7.4525000000000015,12.034699999999994,4.582199999999992
1079,21,4.1,95.5,43.8,3,0,11.03,9.827599999999984,12.6249,2.797300000000016
1080,30,7.0,80.8,31.9,6,1,18.69,9.6379,17.384600000000027,7.746700000000027
1081,18,8.2,70.6,58.2,8,0,18.76,16.898499999999995,17.582800000000017,0.6843000000000217
1082,33,9.5,96.7,48.1,8,1,19.56,13.901500000000013,19.433099999999975,5.531599999999962
1083,30,4.6,52.4,86.5,5,0,13.88,13.17830000000001,13.812800000000008,0.6344999999999974
1084,27,8.0,60.5,69.3,5,1,17.4,12.2017,17.431800000000013,5.230100000000013
1085,29,3.4,78.3,69.9,10,1,20.66,14.679700000000002,19.67970000000002,5.0000000000000195
1086,19,9.9,80.8,64.6,3,0,11.38,10.8396,14.696699999999991,3.85709999999999
1087,20,1.2,52.0,36.0,7,1,14.38,9.153899999999998,14.327700000000014,5.173800000000016
1088,27,6.4,70.2,58.9,6,0,8.7,9.574700000000009,16.037900000000008,6.463199999999999
1089,19,6.9,82.5,95.0,1,1,14.38,9.681600000000003,13.648200000000017,3.966600000000014
1090,30,7.2,84.9,84.3,4,0,10.46,11.12850000000001,15.370899999999988,4.242399999999979
1091,30,2.1,81.9,88.1,6,1,14.67,12.031399999999998,15.015300000000016,2.983900000000018
1092,20,9.4,66.0,83.5,6,0,10.43,11.387999999999987,18.4587,7.070700000000013
1093,24,2.6,54.7,36.7,3,1,8.96,7.030899999999997,9.432600000000008,2.4017000000000106
1094,31,6.6,71.4,44.8,6,1,14.9,10.438600000000001,15.071500000000016,4.632900000000015
1095,34,3.0,56.4,30.2,10,1,15.9,11.9953,15.274300000000013,3.2790000000000123
1096,29,3.8,97.4,49.7,6,0,11.13,10.933800000000002,15.901299999999992,4.9674999999999905
1097,33,5.9,73.8,37.1,9,1,19.21,13.519600000000002,18.487400000000015,4.967800000000013
1098,29,4.8,65.9,60.7,9,0,11.62,12.336199999999995,18.278599999999987,5.942399999999992
1099,32,2.4,88.3,74.0,2,0,4.66,6.4678,13.746500000000005,7.278700000000004
1100,27,2.5,74.9,86.8,4,0,11.47,11.462500000000011,14.558500000000008,3.0959999999999965
1101,24,4.8,65.5,78.7,9,0,14.21,14.316800000000015,18.353599999999993,4.036799999999978
1102,22,7.8,90.6,91.0,4,1,17.27,11.9987,16.824299999999987,4.825599999999987
1103,18,9.1,93.4,33.5,8,0,11.73,12.452100000000012,17.298300000000012,4.8462
1104,34,1.8,83.7,30.8,10,1,18.26,11.2204,18.1077,6.8873000000000015
1105,20,4.5,52.3,73.0,3,0,7.91,7.742199999999998,12.409,4.666800000000003
1106,30,1.9,78.3,48.8,3,0,5.9,6.2630999999999935,11.0674,4.804300000000006
1107,31,1.1,88.2,46.5,9,1,19.72,11.542099999999996,18.73420000000002,7.192100000000023
1108,21,7.0,56.8,51.5,10,0,15.41,14.779200000000005,17.518199999999997,2.738999999999992
1109,22,6.4,61.4,47.5,8,0,12.14,12.102900000000007,16.66839999999999,4.565499999999984
1110,33,2.5,94.1,63.2,1,0,2.53,4.657999999999993,11.839899999999998,7.181900000000005
1111,18,3.1,51.0,58.6,10,0,12.76,13.395999999999994,16.673899999999996,3.2779000000000025
1112,31,1.2,87.6,63.3,2,1,11.58,6.511900000000002,11.569900000000002,5.058000000000001
1113,32,8.5,73.7,73.7,3,0,13.35,12.253699999999997,13.65279999999999,1.3990999999999936
1114,26,9.8,72.3,55.2,2,0,5.48,6.604300000000008,14.298599999999992,7.694299999999983
1115,32,2.2,50.4,46.3,3,1,13.24,7.290000000000003,11.816300000000005,4.526300000000003
1116,34,3.1,91.0,40.8,8,1,17.1,12.699700000000009,16.536799999999978,3.8370999999999693
1117,21,8.8,68.0,52.7,6,0,9.26,10.756099999999995,16.00060000000001,5.244500000000015
1118,29,9.3,77.0,78.2,7,1,20.92,12.7181,20.629500000000025,7.911400000000025
1119,22,4.8,83.9,79.2,10,0,15.19,15.361700000000027,19.798300000000005,4.436599999999977
1120,22,1.5,85.1,73.3,10,0,11.27,12.548999999999992,18.9985,6.449500000000008
1121,28,1.4,97.8,45.2,6,0,9.46,9.910300000000008,15.958599999999999,6.0482999999999905
1122,23,6.2,76.6,68.2,1,1,13.03,9.289400000000002,12.968199999999985,3.678799999999983
1123,24,4.5,70.0,67.1,3,0,9.1,8.786100000000008,13.087200000000003,4.301099999999995
1124,31,1.3,97.7,61.5,1,1,12.57,5.645899999999998,12.558800000000005,6.912900000000007
1125,28,6.2,82.1,65.7,10,0,17.49,16.108600000000003,19.8878,3.779199999999996
1126,30,1.1,64.9,62.0,9,0,10.32,11.59720000000001,16.5929,4.9956999999999905
1127,19,8.1,56.3,66.8,9,1,18.55,14.730800000000004,18.551699999999986,3.820899999999982
1128,24,3.8,92.1,76.5,5,0,10.32,11.716300000000006,16.760599999999997,5.044299999999991
1129,21,1.4,68.1,37.1,4,0,4.95,5.904799999999998,10.133299999999997,4.228499999999999
1130,25,6.3,83.0,78.7,9,0,15.1,15.021199999999988,20.500700000000002,5.479500000000014
1131,30,4.6,73.5,38.8,9,0,13.36,13.037699999999996,17.33940000000001,4.301700000000013
1132,31,9.8,59.9,34.3,3,0,9.34,9.020200000000006,11.47829999999999,2.458099999999984
1133,27,5.9,80.1,93.4,5,0,11.76,11.853799999999996,16.988700000000005,5.134900000000009
1134,28,3.5,53.0,92.2,3,0,7.46,7.557700000000007,12.144799999999998,4.5870999999999915
1135,19,7.4,70.7,33.9,10,0,12.38,12.831800000000008,17.607699999999987,4.775899999999979
1136,26,3.4,77.3,58.8,2,1,8.01,6.887500000000005,8.999499999999998,2.111999999999993
1137,34,9.1,71.8,42.1,1,0,4.96,5.457799999999994,12.373600000000001,6.915800000000007
1138,20,4.4,87.4,61.5,10,0,12.59,13.203499999999995,19.0894,5.885900000000007
1139,23,5.9,91.4,84.0,2,1,16.42,10.992899999999999,15.302600000000016,4.309700000000017
1140,22,1.5,88.6,91.8,8,1,19.71,14.330800000000004,19.481400000000015,5.150600000000011
1141,22,4.8,51.9,71.2,8,0,16.98,15.929500000000008,18.060399999999998,2.13089999999999
1142,32,8.5,59.7,53.0,3,0,9.45,9.520300000000011,12.109299999999996,2.5889999999999844
1143,34,8.3,76.8,69.2,7,1,17.25,12.742900000000004,17.488000000000007,4.7451000000000025
1144,26,3.0,96.7,50.3,7,0,11.79,11.472299999999988,15.754899999999997,4.282600000000009
1145,20,3.0,91.7,89.1,2,1,13.5,9.822400000000002,13.223400000000002,3.401
1146,34,8.4,92.1,86.6,9,1,20.23,15.585000000000003,20.391000000000005,4.806000000000003
1147,27,9.4,65.2,66.3,3,1,15.37,9.443900000000005,14.668499999999979,5.224599999999974
1148,20,1.9,71.5,51.1,2,0,7.16,7.140399999999999,10.5913,3.4509000000000016
1149,34,5.1,73.5,49.1,3,1,12.4,8.350000000000001,12.353400000000004,4.003400000000003
1150,20,4.0,57.9,32.2,2,1,9.12,6.410600000000004,9.283800000000008,2.873200000000004
1151,20,8.8,51.6,83.0,8,1,19.91,15.446500000000013,19.136900000000022,3.6904000000000092
1152,23,1.8,97.3,59.3,5,0,9.23,10.479100000000006,15.425299999999995,4.946199999999989
1153,30,2.9,62.0,51.1,3,1,10.41,7.967000000000001,10.289599999999997,2.322599999999995
1154,32,7.8,62.0,60.6,5,1,16.2,11.519599999999995,16.18580000000002,4.6662000000000265
1155,26,1.5,54.2,83.2,8,1,17.89,12.528400000000001,17.506300000000014,4.977900000000012
1156,21,5.4,96.4,38.1,7,1,18.33,11.786099999999998,17.49299999999999,5.706899999999994
1157,31,5.0,79.0,85.7,6,0,12.19,12.252500000000019,15.500300000000008,3.247799999999989
1158,22,4.0,83.4,88.3,1,1,10.46,9.4407,11.05690000000001,1.6162000000000099
1159,19,4.6,95.6,91.5,10,0,16.01,16.210699999999996,20.5911,4.380400000000005
1160,28,5.8,67.3,55.8,1,1,11.42,6.295200000000001,11.417899999999996,5.122699999999995
1161,26,2.5,81.1,44.1,1,0,3.83,4.3527999999999984,9.916800000000002,5.564000000000004
1162,20,6.1,51.9,54.3,10,0,13.18,13.458,17.19419999999999,3.7361999999999913
1163,26,8.2,59.3,51.6,8,1,19.64,12.4678,18.466300000000018,5.998500000000018
1164,20,7.8,91.6,41.5,8,0,13.47,13.410400000000017,17.7162,4.305799999999984
1165,19,2.4,88.3,69.5,7,1,15.37,12.384900000000002,16.052099999999975,3.6671999999999727
1166,29,2.3,67.5,61.0,6,1,14.2,9.612400000000003,14.071100000000019,4.458700000000016
1167,27,3.4,68.8,86.3,4,0,10.6,11.188500000000008,14.843500000000008,3.6549999999999994
1168,26,4.2,76.7,32.1,1,0,5.01,5.311299999999997,10.087800000000001,4.776500000000005
1169,32,4.7,50.0,71.9,9,1,18.72,14.468899999999994,18.419800000000006,3.9509000000000114
1170,25,7.1,62.1,79.6,1,0,4.76,6.710499999999997,12.664299999999999,5.953800000000002
1171,22,1.5,60.4,79.4,4,1,13.73,10.180499999999995,13.79770000000001,3.6172000000000146
1172,28,1.3,62.5,87.6,3,1,11.28,8.944500000000005,11.60569999999999,2.661199999999985
1173,19,4.5,90.3,77.4,7,1,19.88,13.851700000000001,19.07330000000003,5.221600000000031
1174,32,7.3,64.0,90.3,5,1,14.09,12.578600000000002,15.90339999999999,3.324799999999989
1175,23,2.7,59.6,51.6,5,1,14.52,9.821400000000002,14.268799999999988,4.447399999999986
1176,25,6.8,75.2,62.7,4,1,13.24,8.778600000000006,14.167099999999998,5.388499999999992
1177,22,3.3,93.3,30.9,1,1,10.97,7.415299999999998,10.86670000000001,3.451400000000013
1178,33,9.0,62.1,30.5,5,1,13.3,10.490900000000005,13.524799999999985,3.0338999999999796
1179,23,9.1,53.9,45.6,4,0,11.63,10.933700000000004,13.825899999999988,2.892199999999985
1180,22,3.7,67.8,36.6,10,0,12.41,12.262300000000007,15.433400000000008,3.171100000000001
1181,33,3.1,87.4,46.9,8,1,14.91,12.542300000000004,15.251200000000006,2.7089000000000016
1182,30,4.7,77.5,41.5,2,1,14.23,6.256000000000004,12.892700000000005,6.636700000000001
1183,22,3.2,90.8,31.9,8,0,10.96,11.528000000000006,15.914700000000009,4.386700000000003
1184,30,7.1,98.0,89.1,1,0,11.01,10.526399999999997,14.907199999999996,4.380799999999999
1185,34,8.4,89.6,30.5,4,1,16.44,10.795899999999996,15.909000000000024,5.113100000000028
1186,25,7.1,80.2,77.8,3,0,8.71,9.389500000000005,14.757100000000003,5.367599999999998
1187,30,8.4,74.7,39.9,5,0,11.18,10.219299999999986,15.390899999999995,5.171600000000009
1188,20,4.6,52.0,89.3,5,0,12.29,12.677199999999988,14.220400000000001,1.543200000000013
1189,25,2.4,99.2,88.0,5,1,13.23,12.714699999999999,14.607400000000009,1.8927000000000103
1190,19,7.6,69.2,72.5,4,0,11.45,11.330000000000014,15.333699999999991,4.003699999999977
1191,25,4.2,57.6,73.7,8,0,12.16,12.74760000000001,17.460600000000003,4.712999999999994
1192,30,7.0,83.3,30.3,3,0,11.4,10.50789999999999,13.109700000000002,2.6018000000000114
1193,30,3.4,64.2,94.0,4,0,12.41,11.573900000000004,14.713300000000004,3.1394
1194,18,1.7,79.3,87.1,1,1,12.68,8.413000000000006,12.337099999999996,3.9240999999999904
1195,23,9.9,79.3,88.2,7,1,15.85,15.166300000000005,17.60839999999999,2.442099999999984
1196,33,2.4,72.3,72.9,1,0,8.1,8.533100000000012,13.011499999999995,4.478399999999983
1197,25,9.9,91.8,52.4,2,0,7.93,8.573499999999989,15.290699999999992,6.717200000000004
1198,18,9.8,63.2,88.1,7,1,20.83,14.852000000000007,19.904299999999985,5.052299999999978
1199,33,8.1,72.4,48.9,1,0,7.12,6.827400000000001,12.5222,5.694799999999999
1200,26,6.9,76.9,66.6,3,1,13.3,9.637999999999996,13.815999999999981,4.177999999999985
1201,30,6.2,83.2,36.5,6,0,9.8,9.96389999999999,15.5501,5.5862000000000105
1202,28,8.8,89.2,89.9,6,0,13.43,13.700999999999995,18.944999999999997,5.2440000000000015
1203,30,3.6,69.7,39.2,6,0,7.06,8.105199999999982,12.640799999999997,4.535600000000015
1204,27,5.2,82.3,44.6,2,1,9.59,7.346200000000005,10.625800000000002,3.2795999999999967
1205,21,6.6,57.5,66.3,2,0,7.62,7.809800000000004,12.6372,4.827399999999996
1206,23,4.7,96.6,79.7,6,0,15.97,15.372500000000011,17.812900000000006,2.440399999999995
1207,24,4.8,69.2,70.3,10,0,16.22,16.388100000000016,19.875399999999992,3.4872999999999763
1208,22,4.0,86.5,45.1,5,0,11.46,10.80560000000001,13.907000000000007,3.1013999999999964
1209,28,6.1,51.0,30.1,7,0,12.55,12.602299999999984,13.646799999999999,1.0445000000000153
1210,30,8.7,60.3,79.2,7,0,14.11,13.548199999999985,18.91869999999999,5.370500000000005
1211,27,2.8,74.4,94.0,5,0,10.72,11.16540000000001,15.421500000000014,4.2561000000000035
1212,27,9.4,93.9,82.6,8,1,20.16,16.0131,20.550800000000017,4.537700000000015
1213,28,7.2,76.4,59.9,10,1,18.04,13.945999999999996,18.71179999999999,4.765799999999993
1214,24,8.4,96.5,88.7,6,0,15.85,15.100599999999988,20.751599999999993,5.651000000000005
1215,21,6.0,74.2,56.6,5,0,8.68,9.551299999999985,14.710699999999997,5.159400000000012
1216,19,8.0,74.5,64.1,4,1,19.51,9.8804,17.703099999999992,7.822699999999992
1217,31,1.1,56.0,61.0,7,0,8.8,9.319299999999995,15.208699999999995,5.8894
1218,30,8.4,90.1,59.1,4,0,13.4,11.927100000000003,15.91,3.982899999999997
1219,29,1.4,62.3,80.4,5,1,16.15,11.294199999999995,15.435100000000016,4.140900000000022
1220,24,9.0,95.0,64.2,5,1,18.81,13.397799999999997,18.06369999999997,4.665899999999972
1221,19,9.9,95.5,50.6,1,0,11.91,10.717599999999996,14.697599999999998,3.980000000000002
1222,30,3.6,97.2,46.8,1,0,6.56,6.833799999999993,11.790299999999988,4.956499999999995
1223,31,2.9,76.0,32.5,3,1,11.24,7.124400000000001,11.045400000000006,3.9210000000000047
1224,34,7.9,83.9,67.9,3,0,10.74,10.677100000000006,14.40970000000001,3.7326000000000032
1225,26,3.3,88.9,44.9,2,1,12.79,6.506000000000005,11.93969999999999,5.433699999999985
1226,34,8.8,56.6,39.6,2,0,3.84,5.333399999999995,12.084199999999987,6.750799999999992
1227,25,1.9,80.0,72.5,6,0,11.09,11.417599999999998,15.861800000000008,4.444200000000009
1228,19,2.1,51.7,74.3,1,1,11.66,5.843599999999999,11.368400000000001,5.524800000000003
1229,30,9.8,74.9,78.9,6,1,17.67,13.402900000000002,18.78140000000001,5.378500000000006
1230,20,7.1,57.7,62.7,5,1,18.78,10.867699999999997,17.649099999999986,6.781399999999989
1231,33,8.6,59.1,88.1,6,0,13.38,13.22180000000002,17.718799999999998,4.496999999999979
1232,23,3.9,68.3,90.9,5,1,16.55,12.933099999999994,16.175199999999982,3.242099999999988
1233,24,7.1,71.6,82.5,7,1,21.25,12.465900000000007,19.964500000000005,7.498599999999998
1234,27,6.3,81.2,71.3,1,1,13.2,9.396100000000002,13.280900000000013,3.884800000000011
1235,26,6.4,53.7,49.7,3,1,15.2,7.641300000000004,13.835900000000017,6.194600000000013
1236,19,7.1,75.2,93.9,6,0,14.69,13.326700000000017,17.2335,3.9067999999999827
1237,32,6.2,59.1,47.8,1,0,7.68,6.968299999999995,9.98839999999999,3.020099999999995
1238,22,4.9,78.7,43.2,7,1,13.88,10.5282,14.671400000000013,4.143200000000013
1239,21,3.5,81.9,58.7,4,1,15.84,8.8447,14.62849999999999,5.7837999999999905
1240,21,7.9,77.8,33.7,3,0,7.18,7.651399999999991,12.178900000000004,4.527500000000013
1241,21,3.0,86.9,93.6,10,0,15.66,15.446400000000015,20.343200000000003,4.896799999999988
1242,34,7.2,66.8,68.2,9,1,21.35,14.518500000000003,20.017999999999976,5.499499999999973
1243,29,3.1,88.3,66.2,1,0,6.8,7.135799999999994,12.077499999999995,4.941700000000001
1244,34,6.6,71.6,72.6,8,1,18.95,13.766700000000009,19.07030000000002,5.303600000000012
1245,27,7.7,74.2,62.3,1,0,7.96,7.7923000000000044,12.910899999999996,5.118599999999992
1246,18,3.0,82.4,32.1,5,1,12.89,7.745299999999995,12.839500000000005,5.09420000000001
1247,31,1.5,50.9,69.8,10,0,13.09,13.17249999999999,17.3271,4.154600000000011
1248,32,2.2,82.7,76.6,8,0,11.19,12.109200000000019,17.419200000000004,5.3099999999999845
1249,29,6.5,80.9,57.1,6,0,12.8,12.251999999999985,16.304499999999997,4.052500000000013
1250,21,8.6,65.5,79.2,7,1,19.54,12.780800000000006,19.694399999999987,6.913599999999981
1251,20,1.4,54.3,44.8,8,1,12.75,11.459699999999996,13.543699999999996,2.0839999999999996
1252,29,7.6,54.5,44.4,6,1,13.9,11.112800000000002,14.49000000000001,3.377200000000009
1253,24,4.1,96.2,40.5,6,0,12.56,11.89059999999998,15.964299999999996,4.0737000000000165
1254,28,5.3,84.5,54.2,6,1,15.33,11.846699999999991,15.82499999999999,3.978299999999999
1255,18,9.4,56.4,85.1,5,1,17.02,13.150200000000007,17.05099999999999,3.9007999999999843
1256,23,4.0,67.8,83.8,8,1,15.82,14.390899999999997,16.216099999999994,1.825199999999997
1257,32,5.2,79.6,54.9,2,1,12.28,6.825200000000004,12.203299999999986,5.378099999999982
1258,32,1.1,91.8,68.3,7,0,10.29,10.86939999999999,16.120899999999992,5.251500000000002
1259,28,1.7,52.2,76.9,4,1,11.13,9.920699999999997,11.75480000000001,1.8341000000000136
1260,19,3.3,61.8,45.7,1,1,7.97,6.190199999999997,8.47770000000001,2.287500000000012
1261,31,1.3,94.5,40.9,5,1,15.02,9.668300000000002,14.463399999999993,4.795099999999991
1262,19,6.7,50.5,93.2,3,1,11.61,9.643100000000006,12.491499999999995,2.848399999999989
1263,21,4.8,60.1,70.1,4,0,10.24,10.127000000000002,14.469799999999996,4.342799999999993
1264,34,5.9,98.0,93.8,7,1,19.1,13.874599999999994,19.118199999999977,5.243599999999983
1265,20,2.6,80.7,52.0,5,1,16.47,9.541199999999998,15.357500000000014,5.816300000000016
1266,30,3.7,63.1,75.7,4,0,11.36,10.811800000000005,14.440300000000002,3.628499999999997
1267,26,7.0,53.3,44.5,1,1,8.01,7.326000000000001,9.180999999999994,1.8549999999999924
1268,24,9.7,51.4,47.0,6,0,10.0,10.535299999999998,14.921400000000004,4.386100000000006
1269,32,1.5,62.2,63.3,10,0,13.38,13.268400000000012,16.846999999999994,3.578599999999982
1270,28,9.0,94.1,50.8,6,1,16.52,13.497800000000005,16.616699999999987,3.1188999999999822
1271,19,6.2,70.8,40.9,7,0,13.14,12.730100000000007,15.996799999999991,3.266699999999984
1272,32,6.1,86.0,47.1,1,0,7.6,7.764600000000007,11.323100000000009,3.558500000000002
1273,31,5.5,95.9,32.3,4,0,8.68,9.481399999999988,15.408800000000003,5.927400000000015
1274,28,1.6,70.4,75.8,9,0,15.46,15.109800000000014,16.93899999999999,1.8291999999999753
1275,20,1.8,59.6,62.0,10,0,10.98,11.91630000000001,16.542600000000007,4.626299999999997
1276,34,6.4,75.9,36.1,6,0,9.95,10.16580000000001,14.712400000000002,4.546599999999993
1277,29,4.1,95.4,41.2,2,0,8.04,7.766399999999999,11.213099999999997,3.446699999999998
1278,32,9.3,90.2,36.7,4,0,9.78,10.107299999999988,15.3776,5.270300000000011
1279,33,4.7,53.3,69.8,6,1,8.63,10.3111,11.075200000000006,0.7641000000000062
1280,22,2.3,84.6,36.1,4,1,12.83,7.884399999999999,12.403000000000004,4.518600000000005
1281,23,7.4,78.6,79.0,10,1,21.85,16.2047,21.140499999999978,4.935799999999979
1282,22,3.6,95.4,31.3,7,1,13.35,9.439099999999993,14.63859999999999,5.199499999999997
1283,20,5.7,56.1,46.2,3,0,3.45,5.0590999999999955,11.570400000000001,6.511300000000006
1284,18,7.3,76.7,87.9,6,1,16.59,13.307400000000005,15.916599999999994,2.609199999999989
1285,23,9.1,94.0,76.7,4,1,16.97,12.338899999999999,17.098000000000013,4.759100000000014
1286,32,8.1,70.5,34.7,3,0,8.05,8.239899999999993,12.850099999999998,4.610200000000004
1287,19,7.1,74.1,83.4,3,0,6.63,7.962000000000001,15.264800000000003,7.302800000000002
1288,20,7.1,53.5,62.0,2,0,8.49,8.2474,11.8429,3.5954999999999995
1289,34,9.5,63.9,85.0,3,1,17.7,10.213900000000002,16.295400000000015,6.081500000000013
1290,29,3.7,66.2,69.0,10,0,16.27,15.801099999999996,16.971699999999995,1.1705999999999985
1291,32,1.0,97.3,74.3,1,1,14.22,6.612599999999997,14.307800000000016,7.695200000000019
1292,29,3.4,64.1,94.6,3,0,7.48,8.14570000000001,13.673799999999993,5.5280999999999825
1293,33,3.0,73.0,45.1,9,0,14.15,13.944300000000004,17.2133,3.2689999999999966
1294,25,7.0,83.6,70.6,4,1,13.84,10.754100000000001,14.30689999999999,3.552799999999989
1295,31,6.7,58.1,59.9,3,1,14.56,7.899800000000006,13.84489999999998,5.945099999999973
1296,34,6.3,74.3,32.6,8,0,10.36,11.0381,16.572200000000002,5.534100000000002
1297,25,1.1,86.9,30.9,1,1,9.83,5.0078999999999985,9.89080000000001,4.882900000000011
1298,32,7.6,93.3,37.7,5,0,13.65,13.425600000000008,15.656599999999992,2.230999999999984
1299,31,3.9,81.3,72.2,1,1,13.9,8.436200000000003,13.197600000000005,4.761400000000002
1300,24,7.0,83.5,66.9,7,1,16.08,12.0879,16.848699999999994,4.760799999999994
1301,20,6.0,56.3,66.0,5,1,12.24,11.323700000000004,13.498500000000003,2.1747999999999994
1302,29,4.1,97.3,32.1,2,0,8.7,8.094800000000006,11.4506,3.3557999999999932
1303,20,2.2,56.6,60.5,1,0,8.71,7.483500000000005,10.308200000000005,2.8247
1304,31,1.8,88.7,90.1,7,1,18.12,12.094599999999996,17.807699999999983,5.7130999999999865
1305,32,8.5,63.2,55.8,1,0,6.59,6.8005,12.5075,5.707
1306,31,9.3,96.7,70.6,3,1,16.57,11.264699999999996,16.27059999999999,5.005899999999995
1307,24,6.8,86.0,80.7,6,1,18.72,13.275500000000001,18.285500000000013,5.010000000000012
1308,34,1.9,87.7,81.0,6,0,11.78,12.301299999999985,16.103600000000014,3.802300000000029
1309,29,4.6,61.0,63.8,7,1,13.84,11.513700000000007,14.708299999999994,3.194599999999987
1310,21,7.6,72.2,85.8,1,0,11.28,10.450499999999987,13.210200000000004,2.7597000000000165
1311,26,8.0,80.9,55.4,7,1,21.37,13.094500000000005,20.092299999999973,6.997799999999968
1312,23,2.1,88.5,87.8,2,1,16.11,9.1896,14.679599999999986,5.489999999999986
1313,33,1.0,55.2,45.6,6,1,7.9,9.5636,9.677499999999991,0.11389999999999212
1314,19,7.4,98.1,48.2,8,0,15.91,14.709000000000009,19.3811,4.6720999999999915
1315,25,4.2,94.5,33.5,5,1,15.24,8.565199999999994,14.54070000000001,5.975500000000016
1316,28,3.3,63.5,81.7,10,1,17.27,14.214400000000003,17.423899999999993,3.2094999999999896
1317,30,1.1,91.1,57.1,3,0,4.34,5.657499999999995,11.802,6.144500000000004
1318,34,5.9,75.9,44.9,8,0,12.17,12.604800000000003,17.2838,4.678999999999997
1319,25,8.7,73.1,45.1,8,0,13.75,13.338,19.04440000000001,5.706400000000011
1320,31,9.6,65.7,88.6,4,1,14.54,12.590099999999996,15.202199999999989,2.6120999999999928
1321,32,6.1,79.0,84.2,8,1,21.46,14.828099999999997,20.757900000000014,5.929800000000016
1322,23,5.6,86.5,66.0,5,1,18.28,11.960900000000002,17.63049999999998,5.669599999999978
1323,28,1.8,70.5,70.0,5,1,14.68,10.614100000000002,14.411100000000003,3.7970000000000006
1324,30,5.9,81.5,60.8,3,0,6.61,7.083900000000009,14.502,7.418099999999992
1325,18,4.4,85.0,55.5,7,0,11.5,11.4024,15.691399999999998,4.288999999999998
1326,23,6.5,85.6,89.5,9,0,17.32,16.4456,21.0758,4.630200000000002
1327,26,4.5,52.6,38.2,9,0,13.13,12.636000000000017,15.222199999999994,2.5861999999999767
1328,25,3.2,93.0,57.2,1,1,10.19,7.147300000000002,10.768100000000018,3.620800000000016
1329,28,1.9,72.9,52.4,1,1,8.72,4.969300000000002,9.405900000000011,4.436600000000009
1330,26,3.8,63.1,62.4,10,1,16.35,13.302899999999996,16.463499999999982,3.1605999999999863
1331,34,1.9,62.1,59.7,5,0,8.76,8.813599999999996,12.994400000000006,4.18080000000001
1332,29,2.6,74.2,63.7,1,1,9.76,5.876700000000003,10.284499999999998,4.407799999999995
1333,31,9.9,94.3,39.1,4,1,14.49,10.431899999999999,15.1427,4.710800000000001
1334,32,5.0,68.9,63.4,1,0,7.01,7.1451999999999956,12.2749,5.129700000000005
1335,33,5.8,87.5,45.8,2,1,12.66,7.221200000000001,12.418600000000003,5.197400000000002
1336,18,8.9,54.8,42.0,2,0,9.74,8.377300000000005,12.24019999999999,3.8628999999999856
1337,27,10.0,73.8,34.2,4,1,11.04,8.800999999999993,12.141699999999988,3.3406999999999947
1338,25,6.2,99.6,79.6,8,1,22.28,15.103799999999994,21.72319999999999,6.619399999999997
1339,18,8.3,88.5,57.8,2,1,12.74,9.251500000000004,13.011300000000007,3.759800000000004
1340,19,3.9,60.5,70.7,9,0,17.25,16.474700000000002,17.0046,0.5298999999999978
1341,18,3.8,75.1,77.3,9,0,15.61,15.547599999999981,18.447999999999997,2.9004000000000154
1342,18,4.6,61.7,74.2,2,0,9.41,8.381100000000002,11.126100000000003,2.745000000000001
1343,26,7.1,70.5,60.6,1,1,11.99,7.292399999999995,12.404800000000009,5.112400000000013
1344,30,7.1,89.0,55.2,10,1,24.18,14.687499999999995,22.073,7.385500000000006
1345,18,3.8,88.6,54.4,10,0,14.27,14.058899999999989,17.38690000000001,3.3280000000000225
1346,30,2.2,61.4,71.6,9,1,19.75,13.810700000000002,18.694,4.883299999999997
1347,24,6.7,96.1,62.2,2,0,8.12,8.460100000000002,13.933899999999985,5.473799999999983
1348,19,2.2,79.6,85.2,8,0,15.03,14.60099999999999,18.591500000000007,3.990500000000017
1349,23,6.2,69.0,86.9,3,1,18.47,10.816500000000003,17.344800000000017,6.528300000000014
1350,24,7.2,75.1,41.1,1,1,9.79,6.879200000000002,10.408699999999985,3.5294999999999837
1351,31,7.3,80.3,38.9,1,0,7.96,7.8231,11.433299999999997,3.610199999999997
1352,32,7.8,78.0,71.0,10,0,14.43,15.140500000000005,20.004700000000017,4.864200000000013
1353,19,8.9,74.3,49.6,2,0,9.39,9.112699999999995,13.336400000000003,4.223700000000008
1354,27,5.5,75.2,31.2,7,0,14.58,13.523400000000002,14.236499999999996,0.7130999999999936
1355,29,7.6,58.8,87.8,6,1,15.3,12.879400000000002,16.15359999999998,3.2741999999999774
1356,34,6.6,90.6,44.7,2,1,13.32,7.204899999999998,12.871199999999998,5.666300000000001
1357,25,2.7,77.1,90.4,4,0,9.04,9.995499999999993,15.549900000000004,5.554400000000012
1358,28,1.2,56.6,76.6,2,0,7.17,6.844299999999999,11.7291,4.884800000000002
1359,20,3.6,88.3,79.6,1,1,13.88,8.868400000000007,13.532200000000012,4.6638000000000055
1360,23,5.0,96.6,43.1,3,1,12.79,9.075899999999995,12.901599999999984,3.8256999999999888
1361,26,6.6,97.4,45.2,4,1,18.12,9.805900000000003,17.225699999999975,7.419799999999972
1362,23,8.6,68.5,63.9,10,0,16.37,15.515899999999974,19.848300000000016,4.332400000000042
1363,26,2.8,56.8,41.2,5,1,9.37,9.6393,10.578399999999997,0.9390999999999963
1364,24,2.1,75.9,49.9,5,0,9.94,9.385100000000008,13.438900000000007,4.053799999999999
1365,26,9.7,55.6,50.9,7,1,19.73,11.944399999999996,18.99390000000001,7.049500000000014
1366,29,2.0,96.7,40.4,10,1,18.74,13.846599999999997,18.20530000000001,4.358700000000011
1367,25,5.3,59.2,43.3,8,0,12.19,12.09280000000002,15.909499999999998,3.8166999999999778
1368,25,6.3,62.6,81.3,9,0,14.12,14.145799999999982,18.31329999999999,4.167500000000009
1369,32,5.9,70.3,40.9,7,0,11.03,11.256299999999992,15.911199999999992,4.6549
1370,24,1.8,69.2,31.8,5,0,8.14,8.327599999999995,12.551399999999994,4.223799999999999
1371,28,1.5,89.7,70.9,9,0,8.92,10.87559999999999,18.014500000000012,7.138900000000023
1372,33,1.9,72.8,93.4,8,1,18.4,13.412899999999993,18.212000000000025,4.799100000000031
1373,21,6.3,58.5,51.5,10,0,15.9,14.73960000000001,16.004799999999996,1.265199999999986
1374,23,5.9,63.4,37.7,9,1,15.12,12.7323,15.83299999999997,3.1006999999999696
1375,20,3.1,75.5,67.1,10,1,18.83,13.900199999999998,18.83399999999998,4.93379999999998
1376,26,6.7,57.4,88.9,8,1,19.1,13.52419999999999,18.730599999999985,5.206399999999995
1377,27,8.4,80.6,81.0,6,1,19.86,12.2113,18.999199999999977,6.787899999999977
1378,31,1.4,78.3,70.5,4,0,9.45,9.40700000000001,14.028999999999996,4.621999999999986
1379,28,5.5,85.7,50.5,9,0,14.75,14.379599999999996,17.63740000000001,3.257800000000014
1380,29,7.2,96.9,65.2,9,0,12.84,13.572699999999987,20.931200000000004,7.358500000000017
1381,29,3.3,95.6,35.9,10,1,15.87,14.391399999999987,16.54339999999998,2.151999999999994
1382,30,3.8,97.3,74.1,10,0,16.44,16.248400000000025,18.675,2.4265999999999757
1383,30,6.5,62.2,77.1,9,0,14.09,14.119399999999986,18.028899999999993,3.9095000000000066
1384,31,9.1,56.6,92.7,10,0,13.45,14.02470000000002,19.453700000000005,5.428999999999984
1385,21,8.3,65.1,46.9,3,1,14.01,8.947800000000008,13.616499999999995,4.668699999999987
1386,30,6.2,94.8,31.2,3,0,5.8,7.1700999999999935,13.685999999999993,6.515899999999999
1387,25,7.6,98.6,65.5,6,0,18.34,16.178999999999984,19.620600000000003,3.441600000000019
1388,29,4.3,93.0,75.9,6,0,8.11,10.250400000000006,16.693399999999993,6.442999999999987
1389,23,6.8,55.5,81.4,6,1,16.47,12.118400000000001,16.577100000000012,4.458700000000011
1390,22,5.2,97.4,42.6,5,1,12.85,11.031400000000001,14.027299999999991,2.99589999999999
1391,26,2.7,71.2,47.0,5,0,10.99,10.375200000000007,13.128900000000003,2.7536999999999967
1392,20,7.3,50.5,63.3,2,1,11.4,8.0463,11.695399999999998,3.649099999999997
1393,27,6.0,72.1,51.5,7,0,13.86,13.39729999999999,15.771699999999996,2.374400000000005
1394,20,4.2,52.3,85.9,4,0,11.65,11.808299999999997,14.137399999999998,2.3291000000000004
1395,32,9.2,77.2,60.8,3,0,7.92,8.26089999999999,14.115899999999995,5.855000000000004
1396,18,1.2,66.9,82.0,8,1,14.87,14.081899999999983,15.72919999999997,1.647299999999987
1397,24,3.8,73.7,67.7,4,1,13.1,8.910500000000003,13.739799999999992,4.829299999999989
1398,29,1.5,80.7,80.3,4,0,9.88,10.040699999999998,14.2969,4.256200000000003
1399,34,7.9,93.4,51.6,8,1,18.42,14.05870000000001,18.261300000000013,4.202600000000002
1400,22,7.3,83.1,84.0,1,0,10.77,10.904199999999992,13.356700000000004,2.4525000000000112
1401,21,4.0,71.7,47.8,9,1,17.24,12.598299999999997,16.813200000000005,4.214900000000009
1402,29,7.1,91.0,65.5,7,1,17.04,12.647400000000003,17.69839999999998,5.050999999999979
1403,34,4.6,95.3,43.9,2,1,10.58,7.344699999999998,11.116700000000003,3.7720000000000056
1404,26,7.8,56.0,60.9,6,1,14.13,12.346900000000007,15.39740000000003,3.0505000000000226
1405,21,5.1,76.6,50.7,8,1,17.46,11.979999999999995,17.136600000000012,5.156600000000017
1406,19,4.7,64.2,47.3,5,1,13.07,9.845800000000002,13.1675,3.321699999999998
1407,21,9.4,52.4,92.9,6,1,21.99,12.999600000000008,20.2008,7.201199999999993
1408,19,3.3,83.4,40.4,10,0,13.35,12.904699999999997,16.8732,3.968500000000004
1409,32,2.1,93.1,81.2,8,0,14.16,13.933600000000013,17.300200000000004,3.366599999999991
1410,19,6.3,58.1,94.0,6,0,9.22,10.110300000000011,17.935299999999994,7.824999999999983
1411,21,9.7,90.6,31.3,9,1,16.5,13.949199999999996,17.274600000000007,3.325400000000011
1412,23,4.4,92.7,75.4,9,0,12.61,13.223899999999988,19.535000000000004,6.311100000000016
1413,24,1.6,95.7,46.4,9,1,15.88,14.032000000000005,16.923600000000025,2.89160000000002
1414,27,4.1,63.3,32.6,6,0,6.39,7.4132999999999925,12.558299999999997,5.145000000000005
1415,29,5.6,95.2,56.2,9,1,16.7,14.526899999999998,18.25600000000002,3.729100000000024
1416,20,2.5,66.0,90.8,3,0,10.87,10.595,13.7289,3.133899999999999
1417,30,6.9,77.6,30.8,5,1,12.46,9.476100000000002,13.343300000000008,3.8672000000000057
1418,25,10.0,52.5,68.2,2,0,9.0,8.972100000000003,15.019799999999991,6.047699999999988
1419,32,5.1,52.2,62.6,8,1,17.36,13.407800000000002,17.05279999999998,3.6449999999999783
1420,18,4.2,86.0,86.8,4,0,13.06,12.512299999999984,15.619099999999992,3.1068000000000087
1421,20,4.6,72.2,35.5,6,0,10.48,10.258500000000005,13.700899999999992,3.442399999999987
1422,25,2.0,62.8,74.3,6,1,15.16,11.337699999999998,14.833600000000015,3.4959000000000167
1423,21,8.9,59.5,74.2,5,0,13.67,13.102099999999998,17.233999999999984,4.131899999999986
1424,33,4.7,83.5,73.5,1,0,8.98,8.820400000000008,13.018300000000004,4.197899999999995
1425,27,4.5,50.0,91.3,7,0,14.86,13.994499999999986,16.8847,2.8902000000000125
1426,29,6.9,90.3,83.5,10,1,17.16,16.75730000000001,19.178100000000008,2.4207999999999963
1427,31,5.0,54.0,32.7,8,0,10.74,11.205700000000004,14.863200000000004,3.6575000000000006
1428,31,6.8,59.6,60.6,1,1,11.64,7.371999999999997,11.880199999999997,4.5081999999999995
1429,19,1.6,69.3,55.9,10,0,13.04,13.405199999999988,15.642200000000008,2.2370000000000196
1430,22,8.3,74.2,50.2,7,0,12.66,12.702300000000006,17.178800000000003,4.476499999999996
1431,22,9.5,67.7,59.3,4,1,14.53,10.123199999999999,14.450599999999982,4.327399999999983
1432,23,6.8,66.0,55.0,6,0,12.81,11.786599999999982,16.593000000000007,4.806400000000025
1433,30,9.6,98.2,58.1,9,1,19.78,14.610600000000007,20.099199999999986,5.488599999999979
1434,26,2.4,82.1,93.7,5,0,11.31,11.719699999999987,15.896200000000011,4.176500000000024
1435,32,5.3,51.2,35.8,8,0,13.94,12.864000000000022,15.3802,2.5161999999999782
1436,31,6.4,71.5,89.9,5,1,19.24,12.412900000000004,18.6386,6.225699999999996
1437,24,6.2,93.8,61.2,2,1,14.15,7.981299999999997,13.923599999999997,5.9422999999999995
1438,19,4.6,65.1,70.5,4,1,12.55,10.0197,13.416599999999985,3.3968999999999845
1439,24,4.0,54.7,84.0,2,1,8.87,8.4634,9.780700000000003,1.317300000000003
1440,23,2.1,87.9,53.4,7,0,11.17,11.356599999999993,15.59910000000001,4.2425000000000175
1441,34,4.5,80.3,58.0,7,0,13.05,11.99389999999999,15.967700000000006,3.9738000000000167
1442,19,2.5,78.5,56.6,3,0,6.77,7.481399999999996,12.193999999999999,4.712600000000003
1443,20,7.6,52.7,54.4,7,1,16.01,13.023299999999999,16.404999999999998,3.3816999999999986
1444,22,2.9,57.0,90.2,1,1,10.62,7.097900000000006,10.908199999999995,3.810299999999989
1445,22,1.5,81.1,83.9,1,0,4.36,5.900300000000004,12.5065,6.606199999999997
1446,18,6.0,60.4,37.1,9,0,12.6,13.1137,15.770999999999983,2.6572999999999833
1447,25,6.4,75.2,37.0,6,0,11.38,10.891400000000003,15.340299999999997,4.448899999999995
1448,29,8.8,77.2,57.8,5,1,16.59,11.481399999999997,16.47049999999998,4.989099999999983
1449,21,6.2,64.2,36.4,6,1,17.53,10.6767,16.416899999999984,5.740199999999984
1450,30,4.1,97.4,70.2,6,0,11.61,12.13099999999999,16.844899999999985,4.713899999999995
1451,32,8.2,92.1,39.3,1,0,6.78,6.502099999999989,12.356599999999997,5.854500000000008
1452,28,5.9,86.1,64.0,5,0,15.59,14.007499999999995,16.370599999999996,2.363100000000001
1453,27,1.7,53.9,30.5,9,1,11.6,10.838500000000005,12.82849999999999,1.9899999999999842
1454,20,6.1,55.3,50.6,4,1,11.7,8.575800000000005,12.139200000000018,3.563400000000014
1455,31,9.2,74.6,74.0,3,0,11.36,11.147900000000002,14.11219999999999,2.964299999999989
1456,33,4.6,58.0,61.5,1,1,12.87,6.436599999999999,12.239499999999989,5.8028999999999895
1457,27,3.7,98.9,93.6,2,1,16.57,8.998700000000001,15.905899999999988,6.907199999999987
1458,27,2.3,57.9,86.8,3,0,6.97,7.164600000000012,11.666599999999999,4.501999999999987
1459,29,2.4,74.4,53.3,4,1,15.8,8.180100000000005,14.348099999999981,6.167999999999976
1460,26,4.9,68.2,33.0,7,0,11.45,11.010700000000016,14.475900000000001,3.465199999999985
1461,18,6.4,82.0,85.0,6,1,16.07,12.507,16.725099999999994,4.218099999999994
1462,22,1.7,56.5,89.2,8,0,11.51,12.204899999999991,17.862400000000004,5.657500000000013
1463,25,9.5,71.5,83.3,9,0,16.03,16.12279999999999,20.295800000000018,4.173000000000027
1464,28,7.8,63.7,38.3,6,1,19.32,11.073700000000004,17.837299999999995,6.763599999999991
1465,29,6.3,94.4,94.9,7,1,20.01,13.336900000000004,19.987099999999987,6.650199999999984
1466,18,8.5,52.0,46.8,4,0,13.51,12.123799999999994,13.075199999999995,0.9514000000000014
1467,28,1.7,95.7,77.1,2,1,14.68,7.730200000000001,14.238600000000002,6.508400000000001
1468,22,5.3,91.6,89.0,9,0,13.2,14.116500000000016,20.0437,5.927199999999985
1469,32,6.7,64.9,45.3,9,0,15.9,15.07460000000001,17.6191,2.5444999999999887
1470,22,8.5,89.5,89.0,4,1,15.64,12.058399999999999,16.091500000000014,4.033100000000015
1471,29,8.1,51.6,50.1,3,0,7.25,8.0151,12.957100000000004,4.942000000000004
1472,22,3.5,98.3,93.5,10,0,17.05,16.475399999999983,20.1748,3.6994000000000185
1473,34,9.5,76.3,48.3,6,1,16.77,10.921700000000003,16.1666,5.244899999999996
1474,34,2.1,65.2,92.0,3,0,11.27,11.150699999999993,12.655499999999988,1.5047999999999941
1475,29,8.9,68.1,33.5,1,1,12.44,6.716099999999994,12.333600000000015,5.617500000000021
1476,32,9.7,53.3,76.1,4,0,10.79,10.82729999999999,14.567199999999989,3.7398999999999987
1477,32,2.6,99.5,64.6,1,1,15.44,5.714599999999997,14.503400000000022,8.788800000000025
1478,23,7.5,52.0,61.1,2,0,7.14,7.472799999999993,12.097200000000003,4.624400000000009
1479,29,1.4,82.7,44.5,3,0,5.46,6.183699999999998,10.175699999999992,3.9919999999999938
1480,31,4.6,72.1,75.9,8,1,18.57,13.187300000000004,18.513499999999993,5.326199999999989
1481,19,5.6,97.4,42.4,10,1,19.19,14.610399999999993,18.729300000000027,4.118900000000034
1482,26,6.2,62.3,65.9,4,1,14.58,9.367400000000002,14.661199999999997,5.293799999999996
1483,22,9.4,76.6,46.5,4,0,11.65,10.55209999999999,13.77219999999999,3.2200999999999986
1484,18,7.1,74.1,92.1,10,1,20.78,17.2398,20.334699999999984,3.094899999999985
1485,20,5.3,85.1,31.9,9,0,16.39,15.020800000000015,17.224900000000016,2.2041000000000004
1486,23,8.3,53.4,43.0,7,1,16.27,12.0572,16.334099999999992,4.276899999999992
1487,22,9.6,59.7,45.8,2,1,11.81,8.263800000000005,12.179599999999978,3.9157999999999724
1488,22,1.2,60.7,56.9,3,0,8.55,8.159999999999998,9.613499999999998,1.4535
1489,18,9.8,86.9,45.1,4,1,15.55,10.278799999999997,15.338699999999985,5.059899999999988
1490,34,1.8,59.5,61.9,4,0,8.76,8.684599999999998,11.397600000000002,2.7130000000000045
1491,31,8.3,78.7,86.7,10,1,19.38,16.457200000000004,19.728800000000035,3.2716000000000314
1492,29,3.5,60.8,76.3,8,1,14.67,12.5406,15.691500000000008,3.150900000000009
1493,27,2.2,93.1,67.7,10,0,16.85,16.438999999999982,18.3191,1.8801000000000165
1494,28,5.0,97.1,35.8,10,1,16.18,14.450599999999984,17.05250000000001,2.6019000000000254
1495,19,6.8,75.9,75.1,6,0,12.29,12.208199999999987,16.67309999999999,4.464900000000004
1496,24,4.4,67.6,40.8,3,1,12.23,7.705900000000002,12.21810000000001,4.512200000000008
1497,32,1.5,61.7,81.1,9,0,16.31,14.859999999999978,17.740599999999983,2.8806000000000047
1498,28,6.4,52.5,46.3,10,1,16.54,13.531699999999999,16.743999999999986,3.2122999999999866
1499,29,9.1,63.4,57.1,8,0,14.95,14.119800000000009,18.97840000000001,4.858600000000003
1500,23,4.4,82.7,52.8,9,0,13.18,13.028999999999996,17.0614,4.032400000000003
1501,30,2.9,76.7,85.8,5,1,10.92,11.655000000000003,12.448799999999997,0.7937999999999938
1502,33,5.0,97.2,38.2,3,0,8.57,8.50890000000001,13.27299999999999,4.764099999999981
1503,27,1.4,69.8,66.8,4,0,8.85,8.84000000000001,13.299700000000003,4.459699999999993
1504,25,8.4,84.7,39.2,5,1,16.41,10.470699999999997,16.54420000000001,6.073500000000013
1505,18,8.4,74.5,75.8,9,1,18.79,15.742500000000005,18.950899999999994,3.2083999999999886
1506,25,6.3,75.6,88.8,9,1,18.87,15.73730000000001,18.96939999999998,3.232099999999969
1507,23,4.2,63.4,58.2,3,0,10.66,9.467399999999994,12.015299999999998,2.547900000000004
1508,22,8.2,72.7,61.7,7,1,16.93,13.00560000000001,17.21150000000001,4.2059000000000015
1509,32,6.0,73.5,90.3,6,0,9.19,10.560400000000017,16.685700000000008,6.12529999999999
1510,32,8.4,85.3,63.9,4,1,17.0,11.214500000000003,16.246899999999997,5.032399999999994
1511,19,6.7,97.0,61.7,5,1,18.34,12.5326,18.232199999999974,5.699599999999974
1512,18,8.1,66.5,67.6,10,1,21.65,15.723400000000002,21.573600000000035,5.850200000000033
1513,28,6.4,52.1,74.8,2,0,7.27,7.855199999999991,12.722400000000004,4.867200000000013
1514,27,4.7,74.8,36.9,7,1,15.07,10.939900000000007,15.105599999999995,4.165699999999989
1515,34,9.6,77.2,83.4,4,1,18.13,12.083699999999997,17.242100000000026,5.158400000000029
1516,25,5.9,58.4,58.3,2,1,13.72,6.507200000000003,13.130900000000015,6.623700000000012
1517,32,6.4,88.0,34.7,6,0,11.78,11.153099999999988,15.449199999999989,4.296100000000001
1518,25,3.0,99.2,81.1,2,1,15.37,9.8593,15.184099999999985,5.3247999999999855
1519,34,6.6,97.3,54.5,10,1,18.77,14.732600000000009,19.210699999999992,4.4780999999999835
1520,29,6.1,59.9,36.5,2,0,2.17,3.490499999999999,10.531599999999996,7.041099999999997
1521,25,2.7,93.8,71.2,7,0,14.76,13.638799999999994,17.1265,3.4877000000000056
1522,31,1.5,85.2,87.2,1,0,6.2,6.540100000000004,13.063700000000008,6.523600000000004
1523,21,6.4,72.7,87.7,7,0,13.42,13.077000000000004,17.521100000000004,4.444100000000001
1524,18,7.9,77.0,92.2,10,0,18.51,17.593499999999995,20.711899999999996,3.118400000000001
1525,18,5.7,92.5,86.4,5,0,12.57,12.989600000000003,18.2435,5.253899999999998
1526,33,3.0,74.0,30.1,1,1,10.61,5.848599999999999,10.30770000000001,4.45910000000001
1527,31,7.0,68.7,54.7,6,1,20.68,11.219500000000004,18.758600000000012,7.539100000000008
1528,33,1.7,74.7,83.2,7,0,13.53,13.261199999999983,16.532099999999993,3.27090000000001
1529,22,5.0,79.0,53.8,1,1,9.98,7.316399999999998,10.58090000000001,3.2645000000000124
1530,26,2.5,59.5,69.1,9,1,13.74,13.4121,15.17480000000001,1.7627000000000095
1531,19,2.7,95.0,69.4,7,0,13.95,13.655200000000013,16.498999999999985,2.8437999999999715
1532,23,2.8,83.7,53.7,1,0,6.86,7.187800000000006,10.943500000000002,3.7556999999999956
1533,26,4.5,81.7,88.8,3,1,11.97,9.984399999999999,12.513800000000018,2.5294000000000185
1534,18,1.5,55.0,62.7,5,1,14.84,10.266500000000006,14.035599999999995,3.7690999999999892
1535,26,4.6,80.2,60.2,4,1,15.51,8.767200000000004,14.976699999999989,6.209499999999984
1536,33,5.6,56.0,94.8,2,1,13.36,9.6376,13.285999999999994,3.6483999999999934
1537,30,5.3,53.9,62.1,1,0,11.22,8.93000000000001,11.448900000000002,2.5188999999999915
1538,26,4.4,76.4,41.6,4,1,14.91,8.25900000000001,14.285700000000006,6.026699999999996
1539,30,8.6,70.1,63.3,7,0,11.04,11.882899999999998,18.593700000000005,6.710800000000008
1540,26,2.3,79.4,82.9,4,0,12.65,12.117600000000005,14.8016,2.6839999999999957
1541,28,5.6,54.5,80.5,9,0,14.77,14.329899999999991,17.2412,2.9113000000000078
1542,21,1.6,71.5,81.3,8,0,16.8,15.885499999999977,17.0753,1.1898000000000213
1543,19,1.6,58.7,76.0,8,1,17.66,12.473299999999995,17.223800000000015,4.75050000000002
1544,23,6.2,99.4,46.5,5,1,16.74,11.285,17.066500000000005,5.781500000000005
1545,31,6.1,78.1,86.0,1,1,14.3,8.378899999999998,13.788999999999985,5.4100999999999875
1546,21,8.9,84.4,88.1,9,0,13.99,14.983400000000008,21.300700000000003,6.317299999999994
1547,23,6.0,66.3,42.6,2,1,10.42,5.933499999999993,10.712499999999991,4.778999999999998
1548,23,9.6,54.7,38.5,6,1,15.72,10.911100000000001,15.712200000000012,4.801100000000011
1549,19,1.4,98.8,93.4,10,0,13.24,13.965900000000008,20.104,6.138099999999991
1550,30,1.9,64.3,86.4,5,1,15.23,12.4477,14.74210000000001,2.29440000000001
1551,26,1.4,71.2,88.1,10,1,17.04,15.051800000000005,17.147599999999983,2.0957999999999775
1552,30,2.7,82.5,87.6,8,0,13.14,13.46440000000001,17.956100000000003,4.491699999999993
1553,28,5.9,51.2,65.2,3,1,14.0,7.907599999999999,13.618199999999995,5.710599999999996
1554,18,6.8,90.5,72.0,6,1,16.53,13.281799999999999,17.261999999999983,3.980199999999984
1555,24,1.4,76.8,65.4,6,1,15.41,10.8277,14.912000000000011,4.084300000000011
1556,32,9.5,63.9,33.3,10,1,18.95,13.432399999999994,19.125400000000024,5.69300000000003
1557,18,8.6,53.1,78.5,3,0,7.95,8.285000000000007,13.552899999999996,5.2678999999999885
1558,29,3.7,58.1,62.8,7,1,16.89,10.832499999999998,16.550500000000014,5.718000000000016
1559,24,1.7,94.8,72.1,4,1,16.09,10.423900000000003,15.40109999999999,4.977199999999987
1560,32,2.5,84.3,62.7,5,0,12.26,11.436899999999996,14.596800000000005,3.1599000000000093
1561,18,2.1,62.5,62.0,9,0,16.52,14.924399999999991,16.283499999999993,1.3591000000000015
1562,34,2.1,53.3,41.2,6,1,11.54,9.449599999999995,11.53409999999999,2.084499999999995
1563,34,5.7,84.5,48.1,10,0,10.47,12.076100000000014,18.406700000000004,6.33059999999999
1564,20,3.2,78.6,40.3,4,1,11.11,7.792700000000002,11.404899999999996,3.6121999999999943
1565,29,4.2,70.2,42.7,8,1,17.64,11.979700000000003,17.098400000000026,5.118700000000024
1566,23,9.9,68.2,93.2,9,0,16.22,16.897100000000012,20.658400000000018,3.7613000000000056
1567,28,7.2,60.8,40.0,10,0,10.81,11.545099999999977,17.589399999999994,6.0443000000000175
1568,20,9.5,83.5,47.5,5,0,7.89,9.370499999999991,17.205899999999996,7.835400000000005
1569,25,2.3,98.5,68.4,2,1,15.71,7.589800000000001,15.100800000000016,7.511000000000014
1570,31,4.4,58.8,69.7,6,1,16.2,11.451400000000008,15.719700000000023,4.268300000000014
1571,31,6.0,79.9,40.0,8,1,15.8,12.237800000000004,16.365499999999983,4.1276999999999795
1572,27,1.7,71.2,81.6,5,0,14.41,13.649700000000006,14.985300000000004,1.3355999999999977
1573,19,1.0,72.3,81.0,1,1,16.16,7.431700000000002,15.09050000000002,7.658800000000018
1574,31,7.0,62.7,45.4,8,1,18.67,12.151999999999996,18.24330000000002,6.0913000000000235
1575,26,6.8,91.3,48.8,9,0,15.59,15.112899999999986,17.72480000000002,2.611900000000034
1576,20,4.7,74.3,91.0,1,1,14.0,8.750900000000007,13.519400000000003,4.768499999999996
1577,25,5.4,77.2,83.7,8,0,15.96,15.518000000000015,19.013300000000005,3.4952999999999896
1578,33,4.7,65.2,75.4,10,1,22.83,15.287900000000006,21.36639999999998,6.078499999999975
1579,19,1.2,59.1,35.3,2,0,3.49,4.425900000000004,8.193200000000001,3.767299999999997
1580,23,4.0,54.3,57.2,4,0,8.01,8.023199999999996,12.574399999999995,4.5512
1581,29,2.6,85.7,66.4,2,1,12.15,7.160100000000001,12.178400000000003,5.018300000000003
1582,22,1.9,59.8,42.2,2,1,10.61,6.106900000000003,10.10190000000001,3.9950000000000063
1583,19,9.6,84.5,59.1,10,0,19.02,17.383599999999987,20.72500000000001,3.3414000000000215
1584,33,6.4,69.5,69.1,3,1,14.72,10.552100000000001,13.767600000000014,3.215500000000013
1585,22,7.6,70.8,51.3,8,1,18.8,13.204700000000004,18.734999999999978,5.530299999999974
1586,32,3.8,73.5,80.8,4,0,11.75,11.4241,14.164099999999996,2.7399999999999967
1587,29,4.5,68.4,84.6,7,1,17.1,12.713000000000005,17.168999999999983,4.455999999999978
1588,21,3.1,55.0,51.0,10,1,15.71,13.003600000000008,15.539400000000022,2.5358000000000143
1589,32,1.9,65.5,84.5,3,1,12.81,9.807600000000003,12.693799999999976,2.886199999999974
1590,28,2.6,83.2,36.7,10,0,11.67,12.155699999999992,17.800899999999995,5.645200000000003
1591,33,8.2,83.3,84.5,3,1,14.8,11.509099999999998,14.745399999999984,3.2362999999999857
1592,23,7.1,64.3,39.9,2,1,12.39,7.614300000000002,11.949100000000001,4.3347999999999995
1593,31,5.9,73.0,35.4,6,1,13.62,10.1336,13.586999999999982,3.4533999999999825
1594,29,5.3,59.7,71.7,6,0,15.19,13.759900000000021,15.548500000000008,1.7885999999999864
1595,28,9.3,60.5,60.7,1,1,12.87,7.571700000000001,12.82079999999999,5.249099999999989
1596,30,1.7,51.2,89.0,7,0,14.73,13.83440000000001,15.8424,2.0079999999999902
1597,28,3.5,94.8,53.6,4,1,11.53,9.287899999999997,12.395299999999985,3.1073999999999877
1598,33,4.1,60.5,48.7,3,1,9.07,7.9108,9.752500000000015,1.8417000000000154
1599,32,8.0,61.4,62.5,8,0,13.14,13.419900000000009,17.951799999999995,4.531899999999986
1600,32,9.9,64.0,59.6,2,0,10.85,9.69070000000001,14.335999999999997,4.645299999999986
1601,21,3.2,56.4,52.4,9,1,14.94,13.150500000000008,15.535600000000022,2.3851000000000138
1602,28,8.9,82.0,75.1,8,1,19.61,15.4213,19.862399999999973,4.441099999999972
1603,32,8.5,53.8,79.4,8,0,16.11,15.647999999999977,18.11,2.462000000000023
1604,21,3.0,56.7,85.4,3,1,11.93,7.828300000000008,12.377,4.548699999999993
1605,30,4.6,82.2,93.2,4,1,14.29,10.577300000000003,14.509899999999993,3.93259999999999
1606,19,4.7,67.0,47.3,2,1,12.61,6.683,11.7322,5.049200000000001
1607,31,9.8,85.4,76.5,2,1,13.01,11.007499999999999,13.719599999999996,2.7120999999999977
1608,21,2.6,77.9,55.6,4,0,8.22,8.197000000000012,12.977799999999993,4.7807999999999815
1609,33,8.2,62.8,74.0,6,1,17.15,12.418800000000001,17.49720000000001,5.078400000000009
1610,31,4.0,82.5,60.9,5,0,11.58,11.196700000000007,13.636099999999997,2.4393999999999902
1611,32,7.6,55.8,94.6,1,0,10.75,10.276000000000003,13.241900000000003,2.9658999999999995
1612,20,4.8,76.8,77.4,10,0,17.33,16.791199999999986,20.063700000000015,3.2725000000000293
1613,25,6.2,71.9,91.9,1,1,12.87,8.769900000000005,13.050099999999984,4.280199999999979
1614,33,8.5,63.4,84.3,6,1,19.5,12.312599999999996,18.834899999999994,6.522299999999998
1615,27,8.2,80.2,88.7,3,0,12.3,11.308999999999992,15.176099999999998,3.867100000000006
1616,21,8.8,93.6,82.9,3,1,18.19,10.046100000000003,17.323100000000025,7.277000000000022
1617,19,1.5,99.9,59.8,7,1,14.92,12.018100000000002,15.472600000000002,3.4544999999999995
1618,34,7.2,80.4,46.4,1,1,13.35,7.129900000000004,12.681000000000001,5.551099999999997
1619,30,2.3,70.2,54.1,1,1,9.63,5.358200000000005,9.7438,4.385599999999995
1620,21,4.7,61.3,31.3,10,0,12.67,12.463899999999997,15.641200000000005,3.177300000000008
1621,28,5.9,62.9,64.1,3,0,9.3,9.05079999999999,13.816199999999998,4.7654000000000085
1622,24,4.6,74.0,62.8,8,1,21.31,11.9152,19.512499999999978,7.5972999999999775
1623,29,5.7,68.4,64.1,1,0,5.65,5.939699999999992,11.987799999999995,6.0481000000000025
1624,27,10.0,95.7,93.3,10,0,20.41,18.859000000000016,22.246799999999993,3.3877999999999773
1625,24,2.2,68.4,89.2,4,1,16.82,11.079800000000004,15.872099999999994,4.79229999999999
1626,30,7.1,68.7,40.5,9,1,19.15,13.308900000000003,18.922500000000028,5.613600000000025
1627,24,4.6,69.2,54.0,4,1,12.13,9.605600000000004,12.899300000000013,3.2937000000000083
1628,34,2.2,91.8,57.6,10,0,17.58,16.69149999999998,18.397100000000016,1.705600000000036
1629,27,2.4,82.5,53.4,8,0,11.48,11.920100000000009,14.989299999999998,3.0691999999999897
1630,27,9.5,80.7,81.9,7,1,20.9,13.164699999999996,20.46640000000002,7.301700000000025
1631,21,8.9,66.7,64.1,3,0,10.07,9.511900000000015,13.757100000000001,4.245199999999986
1632,21,9.2,90.9,67.2,7,0,13.25,13.109799999999998,18.61909999999999,5.509299999999991
1633,24,9.9,51.9,85.4,7,0,15.0,15.183900000000003,17.86819999999999,2.684299999999988
1634,18,2.9,93.5,82.4,10,1,23.71,14.854399999999996,21.936300000000013,7.081900000000017
1635,29,4.2,75.6,38.6,3,0,8.16,7.6493,11.721700000000007,4.072400000000007
1636,30,7.0,69.9,76.4,2,0,13.22,11.822800000000015,13.112200000000003,1.2893999999999881
1637,27,5.4,74.9,58.3,9,0,13.35,13.247599999999991,17.866500000000002,4.618900000000011
1638,32,4.8,83.4,49.2,1,0,7.12,7.2308,11.094300000000002,3.863500000000002
1639,30,4.2,50.6,33.3,7,0,7.38,8.160399999999996,13.9747,5.814300000000005
1640,26,6.3,93.6,61.7,4,1,14.37,10.1145,14.955699999999977,4.8411999999999775
1641,26,6.2,72.3,53.1,2,1,11.91,7.160100000000003,11.5865,4.426399999999997
1642,32,2.5,67.1,46.3,2,0,5.89,5.602099999999998,9.771,4.1689000000000025
1643,27,5.2,56.9,75.2,8,0,11.25,12.052999999999999,17.807700000000004,5.754700000000005
1644,27,6.0,72.0,80.0,7,0,11.74,12.172300000000014,17.099400000000006,4.927099999999992
1645,25,6.1,74.8,45.9,7,0,11.09,11.473100000000002,15.6514,4.178299999999998
1646,33,2.9,70.2,33.2,5,0,10.86,9.951900000000013,12.033000000000005,2.081099999999992
1647,34,7.7,83.9,85.2,10,0,13.71,14.533500000000014,23.058899999999984,8.52539999999997
1648,22,1.2,71.0,30.6,8,0,6.2,8.159900000000006,14.580100000000009,6.420200000000003
1649,21,4.2,98.1,90.9,2,1,11.21,9.660800000000004,12.44600000000001,2.785200000000007
1650,21,8.0,80.0,70.8,2,0,7.85,8.43200000000001,12.8972,4.4651999999999905
1651,24,6.1,90.4,50.9,5,1,16.78,11.170400000000004,16.42389999999999,5.253499999999985
1652,27,3.4,55.5,46.0,1,0,4.9,5.0248999999999935,9.013300000000008,3.9884000000000146
1653,21,7.3,69.9,30.6,6,0,9.51,10.250299999999998,14.211000000000015,3.960700000000017
1654,27,6.1,66.8,45.3,4,1,12.46,9.432900000000007,12.925100000000013,3.4922000000000057
1655,18,8.2,78.5,39.0,6,0,7.4,8.856799999999991,15.536500000000004,6.679700000000013
1656,22,7.6,93.1,69.8,7,0,15.51,14.727299999999996,18.548099999999987,3.8207999999999913
1657,32,6.5,53.9,40.8,3,1,14.36,7.423700000000001,13.387999999999993,5.964299999999992
1658,34,5.4,53.6,64.4,8,1,15.79,12.005000000000003,16.191199999999988,4.186199999999985
1659,20,2.2,92.5,68.4,7,0,12.52,12.63719999999999,16.404799999999984,3.7675999999999945
1660,29,3.4,60.6,49.4,1,0,6.18,6.168899999999997,9.159100000000006,2.9902000000000086
1661,19,4.8,83.4,32.3,6,1,12.37,9.726699999999996,13.309799999999981,3.5830999999999857
1662,18,6.4,77.1,32.4,7,1,14.75,12.213899999999999,15.1173,2.9034000000000013
1663,34,5.6,91.6,31.7,4,0,12.5,11.258899999999997,14.025500000000005,2.7666000000000075
1664,33,3.6,56.3,78.0,2,0,8.08,8.17050000000001,11.355799999999997,3.1852999999999874
1665,22,1.1,56.5,50.7,10,1,16.25,11.177100000000003,15.727100000000007,4.550000000000004
1666,32,5.5,77.8,81.8,9,0,13.61,14.179999999999986,18.897899999999982,4.717899999999997
1667,20,3.6,97.3,58.1,7,0,11.46,11.922100000000007,16.529899999999987,4.60779999999998
1668,24,7.6,70.7,59.4,1,1,13.64,7.951900000000002,12.744700000000002,4.7928
1669,28,1.2,66.3,63.3,8,0,10.17,11.105699999999992,15.5243,4.4186000000000085
1670,27,6.3,80.3,76.3,3,1,17.99,10.308599999999998,16.71220000000001,6.4036000000000115
1671,26,9.5,96.5,47.8,4,1,12.98,11.112299999999994,14.023900000000005,2.9116000000000106
1672,31,2.6,91.8,37.9,5,1,12.26,9.211399999999996,12.879299999999995,3.6678999999999995
1673,30,5.2,99.8,66.1,1,0,5.44,7.132100000000011,15.079899999999995,7.947799999999984
1674,19,1.8,51.1,51.3,6,0,12.0,11.216600000000001,13.083999999999998,1.8673999999999964
1675,20,6.6,55.6,58.8,10,0,14.19,13.897400000000022,17.845999999999997,3.948599999999974
1676,24,6.0,80.5,72.1,6,0,11.75,12.1082,16.398700000000005,4.290500000000005
1677,20,4.7,91.0,62.1,2,0,9.41,8.757599999999998,12.0879,3.330300000000001
1678,27,5.7,64.3,70.3,10,0,17.67,17.128100000000003,19.392899999999994,2.2647999999999904
1679,24,9.1,62.0,65.4,6,0,12.64,12.170800000000007,16.9938,4.822999999999993
1680,26,2.8,89.3,78.1,8,0,15.97,14.932400000000012,18.06170000000001,3.129299999999997
1681,34,1.2,52.8,75.9,6,0,9.89,9.954599999999994,12.707000000000008,2.752400000000014
1682,28,8.8,68.5,64.7,4,1,13.46,10.453200000000004,13.945600000000015,3.4924000000000106
1683,24,6.2,75.3,74.1,4,1,15.61,10.327999999999996,15.148199999999981,4.820199999999986
1684,31,9.0,78.0,86.8,9,0,14.74,15.281500000000005,19.98759999999999,4.706099999999985
1685,21,6.4,86.4,58.1,6,1,17.96,12.042699999999998,17.453600000000012,5.410900000000014
1686,23,8.3,67.7,56.8,8,1,17.13,13.588300000000006,17.64830000000003,4.060000000000025
1687,27,4.9,80.6,79.7,8,0,13.86,14.27949999999999,19.606800000000007,5.327300000000017
1688,24,7.7,79.3,67.9,7,0,8.82,10.080800000000014,17.7997,7.718899999999987
1689,30,9.2,77.4,34.6,3,1,13.43,8.186499999999992,13.016399999999997,4.829900000000006
1690,31,6.1,82.0,88.0,10,0,15.9,16.290600000000016,20.750100000000003,4.459499999999988
1691,21,2.6,63.0,32.0,1,0,7.27,6.9836999999999945,8.67190000000001,1.6882000000000152
1692,25,3.4,54.2,78.6,5,1,15.74,9.925899999999992,15.070400000000006,5.144500000000015
1693,22,2.8,56.0,79.3,10,0,14.39,14.11320000000002,17.81649999999999,3.7032999999999703
1694,18,3.2,61.2,92.0,10,1,15.68,14.774500000000005,17.049200000000003,2.2746999999999975
1695,21,3.8,75.0,33.5,2,0,5.59,6.094599999999998,11.049099999999996,4.954499999999998
1696,20,6.0,92.0,68.8,10,0,18.03,17.40249999999999,20.165,2.76250000000001
1697,26,6.3,85.1,57.8,2,0,8.22,7.835800000000013,12.3829,4.547099999999986
1698,25,4.8,89.5,51.5,7,1,14.44,12.042099999999996,14.897000000000025,2.854900000000029
1699,18,6.5,67.5,35.9,3,0,10.15,8.768499999999994,12.607600000000001,3.8391000000000073
1700,23,1.7,70.2,66.6,8,0,9.01,9.833599999999995,16.253,6.419400000000005
1701,26,1.8,69.7,61.1,9,1,16.23,12.7047,16.07420000000001,3.3695000000000075
1702,24,2.5,59.6,36.8,8,0,11.77,11.577099999999989,14.593400000000006,3.016300000000017
1703,21,5.7,53.1,69.8,6,0,11.56,11.68819999999998,13.282100000000012,1.5939000000000316
1704,30,2.9,79.5,78.0,5,0,8.53,9.206999999999987,13.834700000000005,4.627700000000019
1705,34,3.5,99.5,79.9,3,1,12.91,9.705000000000002,13.104900000000004,3.3999000000000024
1706,19,4.6,58.3,88.8,3,0,8.34,8.187900000000004,13.43310000000001,5.245200000000006
1707,22,8.3,52.3,56.6,7,0,13.64,13.48780000000001,16.242199999999997,2.754399999999986
1708,29,1.1,89.0,91.9,5,0,11.88,11.530900000000006,15.704399999999996,4.17349999999999
1709,25,6.8,62.6,86.3,6,0,11.92,12.058799999999996,17.531900000000004,5.473100000000008
1710,23,7.0,91.5,49.3,6,1,17.46,11.668600000000009,17.209300000000017,5.540700000000008
1711,25,8.2,85.2,40.4,9,1,17.26,13.3019,17.693999999999996,4.392099999999996
1712,20,9.4,97.3,58.3,1,0,10.46,10.65250000000001,13.582999999999991,2.930499999999981
1713,29,1.2,70.4,56.1,8,0,12.52,11.930899999999998,15.245,3.3141000000000016
1714,20,2.4,83.1,67.4,10,0,14.01,13.824899999999992,19.062100000000004,5.237200000000012
1715,23,9.0,73.2,67.9,5,1,16.33,11.526799999999994,16.771099999999993,5.244299999999999
1716,19,5.1,81.5,78.7,6,0,11.77,12.118099999999993,14.9795,2.861400000000007
1717,29,6.1,72.5,63.1,6,0,13.65,12.585299999999997,15.525299999999993,2.939999999999996
1718,19,7.0,59.4,36.8,1,1,10.84,7.2690999999999955,10.272000000000007,3.002900000000012
1719,23,7.1,75.4,85.8,3,0,10.29,10.239399999999987,15.323799999999995,5.084400000000008
1720,34,9.4,76.4,50.1,6,1,14.94,11.263600000000004,15.402500000000023,4.138900000000019
1721,20,10.0,90.5,93.1,9,0,18.25,18.0497,21.182599999999997,3.132899999999996
1722,19,7.5,86.8,37.7,6,0,12.25,11.605299999999994,16.395899999999997,4.790600000000003
1723,25,3.6,83.2,92.3,6,0,11.76,11.940599999999996,16.24730000000001,4.3067000000000135
1724,29,8.9,55.7,35.9,1,0,5.65,5.977599999999993,11.198199999999996,5.220600000000004
1725,21,1.4,86.0,45.0,9,0,12.15,12.197499999999993,16.425500000000003,4.22800000000001
1726,22,3.1,75.0,33.0,4,0,5.57,6.450300000000003,11.7592,5.308899999999997
1727,30,9.1,94.7,75.8,2,1,15.91,10.5801,15.412100000000015,4.832000000000015
1728,32,3.3,96.0,85.3,1,0,5.48,6.375200000000006,13.111099999999995,6.735899999999989
1729,33,3.0,52.8,58.2,3,1,8.59,7.834400000000003,9.051700000000007,1.2173000000000043
1730,27,2.2,91.0,90.4,3,1,13.33,9.350100000000003,13.793299999999995,4.443199999999992
1731,33,8.7,51.9,68.4,5,1,14.24,10.910899999999994,15.013300000000005,4.10240000000001
1732,29,5.5,68.4,71.0,1,1,12.87,8.002699999999999,12.72549999999999,4.722799999999991
1733,34,7.1,77.1,85.0,7,0,14.5,13.629600000000005,18.13709999999999,4.507499999999984
1734,33,3.2,57.4,49.3,1,0,8.54,7.587799999999995,8.6958,1.108000000000005
1735,29,7.8,87.3,53.0,4,0,10.6,10.62060000000001,15.701699999999995,5.081099999999985
1736,25,7.8,50.4,88.9,6,0,13.12,13.137699999999988,15.898699999999996,2.761000000000008
1737,20,3.8,58.4,88.6,1,0,5.61,6.624300000000006,11.0749,4.4505999999999935
1738,33,4.7,79.0,93.5,7,0,11.5,12.126699999999998,17.969899999999992,5.843199999999994
1739,30,2.9,85.7,88.6,10,1,20.0,14.812200000000008,19.4971,4.684899999999992
1740,25,9.8,95.8,38.3,7,1,18.39,13.573599999999997,18.37850000000003,4.804900000000034
1741,22,6.8,85.3,83.5,3,0,11.41,11.111799999999999,15.30980000000001,4.198000000000011
1742,25,9.4,83.6,56.6,4,0,13.43,12.493900000000004,15.535299999999996,3.0413999999999923
1743,29,3.7,69.7,94.4,6,0,10.3,10.821799999999985,16.14070000000001,5.318900000000024
1744,18,8.0,50.1,60.7,7,0,15.52,14.920999999999992,16.175599999999996,1.2546000000000035
1745,23,7.9,56.0,66.0,4,0,7.17,8.37969999999999,13.732099999999996,5.352400000000005
1746,25,7.2,76.7,64.4,10,1,20.68,14.978599999999995,20.100100000000012,5.121500000000017
1747,24,9.7,83.8,50.9,9,0,12.19,13.055700000000016,18.867000000000004,5.811299999999989
1748,18,4.5,70.9,34.9,9,0,13.65,13.492500000000009,14.816300000000005,1.3237999999999968
1749,33,2.2,86.5,88.2,9,0,11.79,13.595699999999995,18.260700000000003,4.665000000000008
1750,29,7.0,76.1,82.2,10,1,15.25,16.386999999999993,17.2785,0.8915000000000077
1751,23,7.6,53.7,39.1,6,1,14.77,11.181300000000006,14.686499999999993,3.505199999999988
1752,19,6.2,59.6,80.5,2,1,12.84,8.395000000000005,12.757100000000001,4.362099999999996
1753,31,2.9,92.0,70.7,2,0,10.83,9.51650000000001,13.204500000000001,3.6879999999999917
1754,21,5.5,86.2,56.6,4,0,10.15,9.974899999999993,15.0442,5.069300000000007
1755,18,3.8,94.7,46.5,9,0,11.83,12.900099999999995,17.94340000000001,5.043300000000016
1756,30,4.8,55.9,85.9,3,0,8.49,8.111400000000005,12.916999999999998,4.805599999999993
1757,19,6.8,99.5,75.5,6,1,24.7,14.038799999999998,22.45970000000001,8.42090000000001
1758,26,7.7,60.5,65.6,2,0,6.87,7.225400000000002,12.202399999999994,4.976999999999991
1759,19,3.1,50.6,69.6,1,0,7.62,7.199000000000003,10.276599999999998,3.077599999999995
1760,26,4.6,99.9,35.9,5,1,15.43,9.876600000000005,15.773300000000008,5.896700000000003
1761,18,3.4,64.1,60.8,8,0,13.31,12.79129999999998,15.534999999999995,2.7437000000000147
1762,28,2.8,83.4,42.6,10,1,18.35,12.56539999999999,17.72739999999998,5.161999999999992
1763,20,8.1,58.8,43.5,10,0,13.43,13.278299999999994,16.145599999999984,2.8672999999999895
1764,21,9.2,79.0,73.0,2,0,6.4,7.508499999999995,13.411900000000005,5.903400000000009
1765,23,4.3,95.2,89.2,10,0,16.7,16.314100000000018,20.202099999999994,3.887999999999977
1766,20,7.8,66.0,56.2,9,1,18.4,13.8027,18.251100000000026,4.448400000000026
1767,28,9.1,83.5,43.5,8,0,13.6,13.4009,18.740000000000013,5.339100000000013
1768,32,8.6,59.4,72.2,3,0,11.07,10.855500000000008,13.5575,2.701999999999991
1769,22,2.6,81.2,86.6,1,0,7.39,7.471399999999996,11.911800000000003,4.4404000000000075
1770,27,9.6,66.8,78.6,4,1,15.07,11.490599999999995,15.059000000000001,3.568400000000006
1771,29,4.4,60.6,86.5,8,1,19.32,13.109900000000003,18.743499999999987,5.6335999999999835
1772,32,4.1,65.7,64.9,3,0,7.98,8.066000000000008,12.564499999999999,4.498499999999991
1773,34,1.6,58.9,78.9,10,0,13.12,13.154199999999985,18.084199999999996,4.93000000000001
1774,27,5.4,95.1,39.1,2,1,11.31,7.510999999999998,11.416899999999982,3.905899999999984
1775,23,2.0,69.9,52.6,7,1,15.71,10.817799999999998,15.549600000000016,4.7318000000000175
1776,30,3.2,62.3,55.3,4,1,11.94,8.6203,12.047600000000019,3.4273000000000184
1777,20,3.9,72.4,63.2,6,0,15.53,13.696699999999986,14.725299999999997,1.0286000000000115
1778,27,8.3,66.0,90.4,5,0,12.69,12.760000000000018,16.374499999999994,3.6144999999999765
1779,31,8.9,87.2,86.8,2,1,13.45,10.478199999999994,13.544400000000012,3.066200000000018
1780,23,3.7,98.6,38.7,10,1,17.47,13.665299999999995,17.41290000000001,3.7476000000000163
1781,20,8.7,71.9,41.2,2,1,14.05,8.3345,13.399999999999986,5.065499999999986
1782,33,8.7,93.1,53.2,9,0,13.63,14.343400000000015,18.79480000000001,4.451399999999994
1783,24,7.9,78.3,48.9,10,1,19.49,15.432799999999993,19.11330000000001,3.6805000000000163
1784,31,2.3,57.9,70.0,2,1,12.87,7.214899999999999,12.114599999999994,4.899699999999995
1785,26,7.2,84.5,88.7,8,1,22.2,15.114600000000003,21.46160000000002,6.3470000000000155
1786,32,9.5,75.7,92.5,8,0,14.62,15.019299999999973,20.606800000000003,5.5875000000000306
1787,20,7.1,82.5,72.5,1,1,12.88,8.943000000000008,12.87990000000001,3.9369000000000014
1788,19,4.0,94.5,84.5,1,1,13.54,9.528200000000009,12.820799999999986,3.292599999999977
1789,19,5.5,72.0,64.1,4,1,16.89,9.8065,15.600300000000011,5.793800000000012
1790,20,6.8,95.1,43.5,2,1,11.05,8.922499999999996,11.773199999999985,2.850699999999989
1791,31,5.6,87.5,64.1,1,1,13.34,7.684899999999999,12.906199999999995,5.221299999999996
1792,27,2.1,74.4,66.1,9,1,17.18,13.890999999999995,17.244500000000006,3.353500000000011
1793,19,3.8,80.2,78.3,3,0,7.88,8.604299999999997,13.706300000000004,5.102000000000007
1794,18,8.2,66.3,44.3,1,1,14.08,8.555100000000001,13.343399999999995,4.788299999999994
1795,21,8.8,99.2,53.9,2,1,16.76,10.1091,15.604899999999995,5.495799999999996
1796,31,2.2,83.4,53.7,8,0,15.21,14.264400000000014,15.309099999999995,1.044699999999981
1797,18,9.6,52.2,92.4,5,0,14.95,14.243300000000023,17.870399999999997,3.627099999999974
1798,31,4.0,66.3,58.9,7,0,11.55,11.448699999999983,15.615899999999996,4.167200000000014
1799,33,7.0,81.2,79.1,6,1,18.85,12.050899999999997,18.273199999999978,6.222299999999981
1800,31,7.8,52.8,78.8,1,0,8.94,8.595200000000013,12.925400000000009,4.330199999999996
1801,20,8.3,51.2,47.3,6,1,13.23,11.056099999999999,13.535200000000007,2.479100000000008
1802,20,9.5,72.5,67.2,7,1,15.78,12.707200000000002,16.327999999999985,3.620799999999983
1803,26,3.8,66.6,88.1,4,1,15.19,11.48440000000001,15.108000000000025,3.6236000000000157
1804,23,8.7,71.9,60.9,8,0,13.97,13.658300000000011,18.45210000000002,4.793800000000008
1805,30,2.2,63.1,91.4,8,0,12.74,13.202300000000003,18.00220000000001,4.799900000000006
1806,19,7.3,58.2,43.9,7,0,11.18,11.683299999999988,15.940199999999995,4.256900000000007
1807,25,7.7,84.5,34.8,2,0,11.34,9.765500000000001,11.818300000000006,2.052800000000005
1808,19,7.1,75.7,87.9,6,1,13.46,13.306700000000005,14.638100000000009,1.331400000000004
1809,21,3.3,60.0,85.1,6,1,16.65,12.174000000000005,16.16170000000001,3.9877000000000056
1810,32,8.9,66.0,94.5,7,0,16.22,14.535400000000008,20.427900000000005,5.8924999999999965
1811,21,2.5,79.6,74.2,6,1,17.43,11.697699999999996,16.74800000000001,5.050300000000016
1812,30,1.5,53.6,90.9,2,0,5.37,6.057100000000005,11.238299999999997,5.1811999999999925
1813,29,7.5,57.4,83.8,8,0,13.6,13.501199999999997,19.08589999999999,5.5846999999999944
1814,30,5.3,53.7,84.9,4,1,13.56,11.863599999999998,13.64739999999998,1.7837999999999816
1815,31,8.6,90.6,67.0,9,0,16.0,15.631899999999995,19.721500000000006,4.0896000000000114
1816,23,4.5,87.6,54.9,8,1,15.07,12.224100000000005,15.40299999999999,3.1788999999999845
1817,28,2.5,87.7,90.7,3,1,15.08,9.5324,14.599799999999995,5.067399999999994
1818,19,8.5,85.8,58.1,3,1,13.23,10.535400000000005,13.825700000000007,3.290300000000002
1819,22,5.9,83.5,65.0,8,0,13.03,12.864999999999988,19.623400000000004,6.758400000000016
1820,19,2.7,73.8,59.0,2,0,10.13,9.222499999999995,10.3918,1.1693000000000051
1821,27,7.5,82.1,66.7,9,0,16.56,15.793299999999977,19.61079999999999,3.817500000000013
1822,19,5.6,51.9,60.6,4,1,13.31,9.15170000000001,13.339099999999975,4.187399999999965
1823,28,6.4,81.1,33.1,6,0,7.7,8.924500000000009,15.824900000000007,6.900399999999998
1824,32,5.1,88.9,87.3,3,0,11.37,11.062799999999996,15.080899999999996,4.0181000000000004
1825,26,8.5,75.0,58.9,3,1,15.29,8.563199999999998,14.502799999999988,5.93959999999999
1826,26,8.5,67.9,68.3,3,1,10.41,9.742800000000006,11.385299999999997,1.6424999999999912
1827,20,7.4,63.9,39.0,10,1,18.81,12.663799999999997,18.51069999999997,5.846899999999975
1828,26,1.9,82.1,30.2,2,1,7.82,5.115900000000002,8.918700000000015,3.8028000000000137
1829,31,8.5,84.6,45.9,8,0,10.4,11.546500000000002,18.34160000000001,6.795100000000009
1830,24,7.0,93.5,75.8,9,0,13.3,13.875399999999983,20.647300000000005,6.771900000000022
1831,33,7.3,67.1,36.4,8,0,7.74,9.194400000000005,18.282200000000007,9.087800000000001
1832,33,4.3,88.5,89.1,10,0,15.37,15.438499999999978,19.769099999999998,4.33060000000002
1833,18,8.9,78.1,44.0,3,1,12.05,9.133199999999999,12.562299999999986,3.4290999999999876
1834,21,7.5,94.1,43.3,7,0,14.74,14.149700000000005,16.938700000000008,2.7890000000000033
1835,21,2.0,76.4,41.8,10,1,15.99,11.811399999999997,16.34800000000001,4.536600000000012
1836,24,4.7,75.9,30.9,2,0,5.16,5.937000000000004,11.265800000000004,5.3288
1837,25,9.0,78.9,80.2,4,0,8.64,9.745899999999995,16.51920000000001,6.773300000000013
1838,34,1.4,87.5,86.9,6,1,15.22,12.274399999999993,15.805500000000006,3.531100000000013
1839,22,9.7,98.2,69.9,5,0,15.57,14.865199999999993,19.737099999999984,4.871899999999991
1840,24,7.1,53.7,42.2,9,1,19.93,12.686399999999997,19.71610000000002,7.029700000000021
1841,21,6.7,52.7,48.5,10,1,17.01,14.607199999999999,17.027799999999992,2.420599999999993
1842,23,3.4,96.9,60.9,4,1,14.31,8.920200000000003,13.997499999999977,5.077299999999974
1843,24,3.2,76.5,92.0,5,0,13.1,12.554099999999998,15.548799999999998,2.9947
1844,22,9.5,80.7,46.1,4,1,13.29,10.629399999999992,13.732899999999988,3.103499999999997
1845,20,3.7,74.1,77.6,8,0,14.17,14.180200000000003,18.173500000000004,3.9933000000000014
1846,24,8.0,54.7,58.6,8,1,22.0,12.932000000000002,20.402900000000013,7.470900000000011
1847,31,4.5,88.4,49.4,3,0,10.18,9.541599999999987,12.7251,3.183500000000013
1848,24,2.3,87.4,59.6,1,0,8.44,8.058500000000015,10.763200000000005,2.70469999999999
1849,22,1.1,65.6,34.6,6,1,14.94,9.1273,13.708000000000016,4.580700000000016
1850,22,5.9,65.3,81.9,2,0,10.94,10.458200000000017,12.534599999999998,2.07639999999998
1851,19,9.8,91.9,45.8,2,1,13.9,9.534999999999998,14.336500000000008,4.80150000000001
1852,23,4.3,53.6,77.2,3,0,6.58,6.974100000000006,12.431500000000005,5.457399999999999
1853,32,4.2,94.1,34.4,8,1,16.24,12.214500000000001,16.336600000000004,4.122100000000003
1854,27,4.1,62.8,92.1,3,1,11.85,9.053800000000004,12.4384,3.3845999999999954
1855,24,5.7,79.6,42.5,7,0,10.97,11.385400000000011,15.54470000000001,4.159299999999998
1856,22,5.0,96.8,87.4,10,1,19.47,16.093400000000006,19.760000000000005,3.666599999999999
1857,18,8.9,83.9,82.6,10,1,21.11,16.1278,21.64339999999997,5.515599999999971
1858,30,5.5,70.7,92.9,9,1,16.61,15.934599999999998,17.40699999999998,1.4723999999999808
1859,30,5.6,84.5,61.1,8,0,12.0,12.106100000000001,19.061200000000003,6.955100000000002
1860,22,2.2,67.2,77.3,1,1,11.72,7.6604000000000045,11.733900000000014,4.07350000000001
1861,30,9.8,63.9,54.1,7,0,13.99,12.855000000000004,18.77350000000001,5.918500000000005
1862,21,3.2,99.8,42.0,7,0,12.38,11.910100000000005,16.523599999999995,4.6134999999999895
1863,34,1.7,87.5,58.8,8,0,11.64,12.282300000000003,16.518800000000002,4.2364999999999995
1864,20,7.0,82.2,40.8,10,1,19.2,12.979199999999999,18.694900000000025,5.715700000000027
1865,34,6.4,67.8,93.8,5,1,20.53,11.6159,19.32229999999998,7.706399999999981
1866,28,4.7,52.5,36.3,10,0,11.12,11.634599999999992,15.802300000000002,4.167700000000011
1867,21,4.8,51.6,68.3,9,1,20.32,14.880100000000002,19.276399999999988,4.396299999999986
1868,19,8.1,77.7,70.7,9,1,16.97,15.624500000000003,17.663100000000014,2.0386000000000113
1869,33,2.8,88.1,65.0,8,0,9.58,10.908600000000005,16.794800000000006,5.8862000000000005
1870,25,8.4,76.9,73.0,6,1,17.36,11.984100000000005,17.650099999999973,5.665999999999968
1871,20,6.8,92.0,37.6,6,0,11.07,11.278600000000008,16.3811,5.102499999999992
1872,26,4.8,51.7,66.1,1,0,4.59,5.070499999999993,11.243599999999997,6.173100000000004
1873,23,5.1,68.3,48.7,6,0,9.9,9.729499999999991,14.3524,4.6229000000000084
1874,27,3.3,61.9,91.1,4,1,14.98,11.206100000000001,14.87480000000001,3.6687000000000083
1875,27,7.8,72.4,79.5,4,1,13.97,11.266000000000002,14.45220000000001,3.1862000000000084
1876,30,5.6,53.6,93.2,2,0,11.3,10.680599999999986,12.755599999999992,2.0750000000000064
1877,34,3.9,97.7,32.4,4,0,10.98,10.648500000000013,13.558699999999996,2.9101999999999837
1878,26,6.4,61.2,48.5,5,0,12.35,11.269000000000007,14.912700000000006,3.643699999999999
1879,34,10.0,96.1,42.7,5,1,15.12,13.061100000000003,15.591199999999976,2.5300999999999725
1880,26,4.9,71.3,30.7,5,1,11.5,10.043600000000003,12.0512,2.0075999999999965
1881,26,9.3,99.3,45.8,4,1,15.83,11.035399999999997,15.809299999999991,4.773899999999994
1882,18,4.1,77.7,74.1,1,1,11.49,7.816100000000005,11.4898,3.6736999999999957
1883,19,1.5,96.5,45.0,10,1,17.02,14.536000000000003,17.14849999999999,2.6124999999999883
1884,33,2.8,50.3,63.1,8,1,16.7,12.268600000000001,16.301200000000016,4.032600000000015
1885,18,4.8,87.4,87.7,3,0,11.83,10.812700000000008,14.061100000000003,3.248399999999995
1886,27,3.0,95.2,75.1,2,1,11.57,8.537499999999996,12.403800000000007,3.8663000000000114
1887,25,1.0,57.0,55.7,9,0,9.66,10.369499999999999,15.650700000000002,5.281200000000004
1888,28,9.2,54.8,54.2,7,0,9.78,10.770499999999988,17.990800000000007,7.2203000000000195
1889,19,8.6,71.2,59.6,9,0,12.71,13.54690000000001,17.784000000000017,4.237100000000007
1890,25,7.7,96.7,41.5,2,1,15.28,8.056599999999998,14.079199999999984,6.022599999999986
1891,25,2.5,77.1,71.2,9,1,17.9,13.525300000000007,18.18200000000002,4.656700000000013
1892,34,2.1,76.4,53.7,10,1,19.2,13.284900000000002,18.008600000000015,4.723700000000013
1893,32,1.6,57.1,85.4,9,0,10.18,11.549799999999987,17.999299999999998,6.449500000000011
1894,34,7.5,50.0,79.2,9,1,19.21,14.326899999999997,18.558100000000014,4.231200000000017
1895,30,9.4,90.5,69.7,10,0,17.07,16.866599999999995,21.139100000000006,4.2725000000000115
1896,22,4.9,54.4,53.7,10,1,19.77,13.562499999999998,18.454599999999992,4.892099999999994
1897,29,2.1,81.7,43.6,4,0,7.54,7.664699999999999,12.085999999999999,4.4213
1898,18,5.6,95.7,80.4,10,1,20.09,16.138799999999993,20.46629999999998,4.327499999999986
1899,22,4.1,60.4,61.6,3,1,15.15,8.368500000000003,13.88320000000001,5.514700000000007
1900,25,4.4,83.3,44.6,6,1,14.61,10.308299999999992,14.73099999999999,4.422699999999997
1901,30,6.6,53.9,42.7,3,1,12.22,7.314500000000004,12.311200000000015,4.996700000000011
1902,25,7.5,80.2,40.8,9,1,19.2,12.679400000000001,18.856900000000024,6.177500000000023
1903,28,2.0,58.2,80.5,3,0,5.34,6.2017999999999995,12.777199999999993,6.575399999999994
1904,18,1.3,86.8,44.9,2,1,10.79,6.949099999999998,10.623199999999988,3.6740999999999904
1905,30,9.9,65.1,64.2,8,0,11.55,12.67909999999999,20.121100000000016,7.442000000000027
1906,20,3.1,73.2,59.4,6,0,10.57,10.64650000000001,14.066399999999998,3.4198999999999877
1907,34,1.5,80.0,67.7,8,0,11.97,11.627700000000013,17.421500000000005,5.793799999999992
1908,22,2.7,58.6,87.0,7,1,14.95,12.6089,15.858600000000019,3.2497000000000185
1909,25,1.4,87.1,86.4,3,0,10.94,10.015800000000013,13.91960000000001,3.903799999999997
1910,31,4.5,65.1,59.3,8,0,12.64,12.315700000000007,16.99019999999999,4.674499999999984
1911,21,8.2,83.1,31.0,10,1,16.86,13.097799999999992,17.362999999999982,4.2651999999999894
1912,28,4.1,57.9,57.7,1,1,8.03,5.849000000000007,9.081099999999989,3.2320999999999813
1913,32,5.0,84.4,69.4,1,0,9.73,9.303200000000007,13.590300000000003,4.287099999999995
1914,24,7.1,56.4,66.3,10,1,18.9,14.290700000000008,18.99440000000002,4.703700000000012
1915,28,5.6,71.3,72.3,8,0,10.71,11.653600000000013,18.4427,6.789099999999985
1916,22,8.8,62.4,40.0,9,1,17.01,12.892299999999995,17.288,4.395700000000005
1917,22,8.8,87.4,72.0,10,1,21.18,16.64759999999999,21.230300000000014,4.582700000000024
1918,25,1.1,63.1,41.9,6,1,10.02,9.7054,11.377799999999995,1.6723999999999961
1919,27,8.0,94.1,78.8,5,1,16.57,12.997700000000007,17.334399999999988,4.336699999999981
1920,23,5.1,94.6,52.0,2,0,10.15,9.476399999999988,12.163499999999999,2.6871000000000116
1921,32,9.9,59.8,76.1,9,0,20.25,18.194899999999997,20.31200000000002,2.117100000000022
1922,33,5.3,80.7,33.1,6,1,15.22,9.706500000000007,14.517400000000011,4.810900000000004
1923,34,9.9,54.4,56.5,8,0,10.62,11.79849999999999,18.891700000000004,7.093200000000014
1924,25,7.8,69.6,75.8,9,1,19.15,15.160999999999996,19.198500000000028,4.037500000000032
1925,25,3.2,85.7,44.7,9,0,13.05,12.92379999999998,16.309399999999986,3.3856000000000055
1926,26,5.8,83.0,81.7,8,0,16.0,15.492300000000006,20.424200000000006,4.931900000000001
1927,19,9.9,81.2,71.0,10,1,23.19,16.742499999999996,22.251300000000032,5.508800000000036
1928,32,8.7,64.1,68.2,8,0,16.64,15.90420000000002,19.648399999999995,3.7441999999999744
1929,20,1.9,68.9,53.0,3,0,7.59,7.876400000000005,11.263000000000002,3.386599999999997
1930,34,7.4,55.1,61.4,3,0,9.01,8.816999999999997,13.772599999999995,4.955599999999999
1931,21,4.1,86.0,68.8,2,1,9.2,8.558900000000005,10.70150000000001,2.142600000000005
1932,21,1.1,75.2,60.7,1,0,4.34,5.1830999999999925,11.382600000000004,6.199500000000011
1933,31,4.6,85.4,75.4,4,0,7.96,8.81590000000001,14.986799999999993,6.170899999999984
1934,26,3.1,62.4,58.2,2,0,5.48,5.805900000000006,9.770000000000003,3.9640999999999975
1935,26,8.4,66.2,43.1,2,0,5.54,6.551999999999996,13.936299999999994,7.384299999999998
1936,27,4.0,66.7,43.9,5,0,7.03,8.280199999999986,12.335199999999997,4.05500000000001
1937,21,8.4,51.3,30.4,4,1,14.82,8.808499999999999,13.854999999999997,5.046499999999998
1938,29,1.0,67.1,49.6,1,1,5.19,4.810900000000001,7.088800000000007,2.277900000000006
1939,25,3.8,90.2,78.7,9,0,14.39,14.34160000000002,18.894600000000004,4.552999999999985
1940,19,3.2,94.9,81.6,4,1,17.03,12.297900000000004,16.40379999999998,4.105899999999975
1941,30,3.1,75.9,43.2,5,1,12.59,9.446399999999993,12.4329,2.9865000000000066
1942,33,1.6,72.8,92.3,7,0,15.45,14.333400000000013,16.4577,2.1242999999999856
1943,19,2.7,51.5,62.7,2,0,5.76,6.118799999999997,9.340900000000005,3.222100000000008
1944,28,6.0,94.0,89.6,8,1,23.48,15.543899999999997,22.31920000000001,6.775300000000012
1945,27,3.6,50.7,75.9,2,1,8.23,6.860899999999999,9.234500000000008,2.3736000000000086
1946,32,4.8,97.2,77.0,10,0,18.62,17.472299999999976,19.5632,2.0909000000000226
1947,34,4.4,74.5,35.5,5,0,7.32,8.18490000000001,12.5987,4.4137999999999895
1948,25,8.9,67.1,44.3,2,0,10.94,9.854000000000015,14.000099999999989,4.146099999999974
1949,26,9.1,96.2,30.6,2,0,7.35,7.4109000000000105,14.601499999999985,7.190599999999975
1950,25,5.4,51.2,76.5,4,1,15.95,10.532899999999994,15.003500000000013,4.470600000000019
1951,31,4.0,79.1,52.4,4,1,15.92,9.384400000000008,14.904200000000008,5.5198
1952,29,2.0,77.4,81.1,8,1,15.97,14.111899999999997,16.767400000000013,2.655500000000016
1953,31,9.6,61.0,52.0,6,0,13.67,12.8891,16.636899999999997,3.747799999999998
1954,34,1.5,71.4,83.3,10,0,14.63,14.337600000000016,17.784199999999988,3.4465999999999717
1955,20,3.7,82.6,38.5,8,0,8.8,9.806799999999988,17.084300000000006,7.277500000000018
1956,24,3.7,86.4,41.3,7,1,16.48,10.750099999999993,16.46220000000001,5.712100000000017
1957,34,3.9,50.0,52.2,10,1,14.64,13.983499999999994,15.206100000000019,1.2226000000000248
1958,29,2.5,96.8,56.6,4,0,8.25,8.6493,12.936499999999992,4.2871999999999915
1959,26,8.0,58.2,52.7,2,0,6.2,6.475400000000002,12.668299999999993,6.192899999999991
1960,32,2.1,61.7,79.6,9,1,17.86,13.609999999999992,18.110999999999976,4.5009999999999835
1961,30,6.7,63.2,36.3,2,1,9.28,7.525900000000002,9.914299999999985,2.388399999999983
1962,25,2.1,51.9,52.8,1,0,3.07,3.711799999999998,9.273400000000002,5.561600000000004
1963,31,1.6,56.2,84.4,8,0,10.62,11.605999999999995,17.288700000000016,5.682700000000022
1964,25,9.2,99.3,34.3,10,0,13.57,13.8521,19.51210000000001,5.660000000000011
1965,31,2.7,65.8,91.3,9,1,19.13,14.972900000000005,18.637600000000027,3.664700000000023
1966,24,8.4,55.8,94.1,1,1,15.47,9.8625,14.682800000000013,4.820300000000012
1967,29,5.9,55.3,35.8,7,1,16.3,11.121999999999996,15.866099999999976,4.74409999999998
1968,28,1.7,86.0,48.9,2,1,10.96,5.619100000000004,10.65080000000001,5.031700000000005
1969,28,9.6,92.7,54.2,6,1,17.86,13.501600000000003,17.462499999999974,3.9608999999999703
1970,30,3.2,62.8,80.5,5,0,10.34,11.063100000000002,14.552700000000009,3.4896000000000065
1971,19,8.7,51.0,68.7,1,0,8.83,8.397200000000009,13.054800000000006,4.657599999999997
1972,32,2.5,61.2,71.9,2,0,9.9,8.74409999999999,12.139499999999996,3.3954000000000057
1973,32,8.7,52.8,79.2,2,0,9.02,9.0173,13.357899999999999,4.3405999999999985
1974,29,1.1,55.2,37.7,10,1,16.15,9.7674,15.90410000000001,6.13670000000001
1975,30,5.6,71.6,84.2,10,1,17.55,16.029000000000007,18.039999999999974,2.0109999999999673
1976,28,7.9,61.5,75.9,6,1,18.54,12.407199999999998,18.134399999999985,5.727199999999987
1977,22,9.4,75.8,67.5,1,0,9.23,8.981600000000007,12.5322,3.550599999999992
1978,18,9.2,62.7,87.8,4,0,9.71,10.919100000000007,15.866999999999988,4.947899999999981
1979,20,8.4,97.0,75.5,10,0,18.92,17.920900000000007,22.341099999999994,4.420199999999987
1980,24,9.0,95.3,43.1,5,1,14.04,12.861899999999997,14.900799999999986,2.0388999999999893
1981,29,2.8,78.3,57.9,2,0,2.99,4.364400000000004,10.399700000000003,6.0352999999999986
1982,32,3.6,67.7,62.1,2,0,9.33,8.30720000000001,11.1282,2.820999999999989
1983,22,3.6,69.1,33.6,7,0,11.02,10.097999999999988,15.029100000000005,4.931100000000017
1984,32,4.4,70.6,92.1,7,1,15.07,12.8924,16.095799999999993,3.203399999999993
1985,25,4.5,86.4,38.4,6,1,15.55,10.136999999999993,15.85549999999999,5.718499999999997
1986,27,5.9,72.6,75.3,1,1,14.89,8.187499999999998,14.150400000000008,5.96290000000001
1987,33,2.4,92.8,62.9,3,1,13.67,8.582000000000004,13.134299999999998,4.552299999999994
1988,25,7.2,97.2,31.7,9,1,23.4,14.02299999999999,21.403300000000016,7.380300000000025
1989,18,2.5,66.8,90.1,10,0,13.43,14.286600000000004,17.176399999999997,2.889799999999994
1990,29,3.8,78.0,85.4,1,0,3.89,5.233199999999996,11.400199999999998,6.1670000000000025
1991,22,5.5,54.8,64.1,2,1,8.92,7.207500000000001,9.941899999999988,2.7343999999999866
1992,20,8.2,60.0,44.9,8,1,12.34,12.938900000000006,14.041999999999987,1.1030999999999818
1993,18,7.7,70.7,37.9,7,0,15.82,14.3127,16.553699999999992,2.2409999999999926
1994,21,6.8,60.3,53.6,9,0,13.38,13.482700000000017,16.300099999999993,2.817399999999976
1995,25,2.4,93.8,46.6,10,1,21.86,14.578699999999996,19.704799999999974,5.126099999999978
1996,20,5.9,57.9,62.9,4,0,8.85,9.22630000000001,13.4129,4.18659999999999
1997,27,1.8,72.8,92.8,4,1,12.39,10.597999999999999,13.38060000000001,2.782600000000011
1998,19,4.4,80.3,67.4,7,0,9.02,9.94589999999999,17.0914,7.145500000000011
1999,28,4.7,84.6,87.8,1,0,8.11,8.198700000000004,13.067800000000007,4.869100000000003
2000,27,1.4,69.2,72.3,10,0,15.73,14.732300000000004,17.14959999999999,2.417299999999985
2001,31,3.5,93.5,60.9,9,1,17.87,14.292699999999995,17.913399999999978,3.6206999999999834
2002,24,9.6,78.4,85.5,2,1,12.44,10.363700000000001,13.025300000000025,2.661600000000023
2003,19,9.6,72.0,60.6,1,0,9.7,9.190600000000012,12.373599999999994,3.182999999999982
2004,26,4.2,53.4,86.5,7,1,17.95,12.673599999999999,17.407600000000016,4.734000000000018
2005,33,1.4,73.2,49.0,6,0,8.74,9.052200000000004,13.168100000000003,4.115899999999998
2006,30,2.6,91.0,38.4,3,0,6.39,7.350499999999995,11.015199999999986,3.664699999999991
2007,26,4.5,80.7,85.6,1,1,9.5,8.051899999999996,10.7719,2.720000000000004
2008,21,9.5,91.6,68.2,5,0,13.79,13.467499999999983,17.600299999999983,4.1328
2009,27,2.3,74.7,87.8,10,1,18.12,15.830900000000002,18.13009999999996,2.299199999999958
2010,29,7.9,55.9,91.0,4,1,10.35,11.703000000000001,12.000000000000002,0.2970000000000006
2011,34,2.0,50.7,33.5,5,1,8.04,8.497200000000003,9.58189999999999,1.0846999999999873
2012,31,9.8,65.2,62.6,1,1,14.23,8.473100000000004,13.686200000000007,5.2131000000000025
2013,31,4.4,84.9,54.4,1,1,10.84,7.220200000000003,11.3804,4.160199999999997
2014,19,8.0,89.5,70.7,5,0,9.95,11.030800000000015,17.471699999999977,6.440899999999962
2015,28,4.1,64.8,81.6,6,0,11.96,12.279700000000009,15.716100000000004,3.4363999999999955
2016,33,6.6,74.8,48.2,5,0,8.62,9.3687,14.694500000000007,5.325800000000006
2017,23,2.7,71.1,66.2,2,1,10.26,7.977999999999998,11.159099999999993,3.1810999999999954
2018,22,2.3,70.5,76.1,9,0,13.16,14.216700000000017,17.4522,3.235499999999984
2019,21,9.4,61.6,38.7,5,0,13.5,11.678400000000002,15.000099999999996,3.3216999999999945
2020,32,9.3,56.8,82.9,5,1,20.07,12.899299999999993,19.239399999999986,6.3400999999999925
2021,21,9.0,59.8,69.4,10,1,16.12,16.315100000000008,18.041299999999975,1.7261999999999666
2022,27,6.6,52.8,91.7,9,1,18.94,14.31059999999999,18.46700000000002,4.15640000000003
2023,20,8.3,59.9,52.1,3,1,10.42,8.851900000000006,11.578899999999994,2.726999999999988
2024,22,1.6,50.5,37.0,5,0,5.64,6.972999999999994,10.157199999999994,3.1842000000000006
2025,23,4.0,81.4,62.9,5,1,11.1,11.149999999999995,12.981099999999996,1.831100000000001
2026,25,3.8,65.8,35.6,2,0,4.57,5.015099999999995,10.003000000000005,4.98790000000001
2027,24,6.7,98.7,93.0,4,0,10.1,10.756900000000003,16.333899999999986,5.576999999999982
2028,27,4.2,59.7,32.5,2,1,11.94,4.892999999999996,11.009800000000018,6.116800000000022
2029,23,2.3,67.3,79.0,5,1,12.55,11.296499999999998,13.224799999999984,1.928299999999986
2030,31,6.4,67.9,64.1,10,1,15.27,14.927599999999993,16.657399999999985,1.729799999999992
2031,21,8.3,50.4,54.0,2,1,12.13,7.887300000000002,12.26710000000001,4.3798000000000075
2032,30,4.4,92.0,34.3,10,1,17.72,14.417599999999986,17.58290000000002,3.165300000000034
2033,34,2.2,51.6,70.4,9,0,12.29,12.841199999999985,17.560900000000004,4.719700000000019
2034,24,2.8,97.0,68.0,10,1,20.59,15.811100000000003,19.72969999999999,3.918599999999987
2035,21,3.1,94.6,48.3,6,1,17.65,11.017799999999996,16.942300000000017,5.924500000000021
2036,31,3.7,76.8,89.2,8,1,17.62,14.274800000000003,17.957199999999965,3.682399999999962
2037,20,6.8,77.2,49.8,9,0,14.24,14.235400000000006,17.484800000000007,3.2494000000000014
2038,22,6.4,82.7,59.2,8,0,12.94,12.825100000000015,18.624100000000006,5.798999999999991
2039,33,7.3,69.4,65.3,5,1,16.67,11.262800000000004,16.868700000000008,5.605900000000004
2040,21,4.3,82.4,36.5,5,0,6.43,7.64709999999999,13.7106,6.063500000000009
2041,19,8.4,52.2,90.6,6,1,18.53,13.1495,17.589799999999986,4.440299999999986
2042,34,2.8,52.7,54.3,1,0,6.36,6.147100000000007,8.450399999999997,2.3032999999999895
2043,31,5.2,72.9,35.3,8,0,9.73,10.906000000000011,15.751600000000012,4.845600000000001
2044,30,8.2,77.5,55.2,2,1,17.93,7.3096000000000005,15.4936,8.184000000000001
2045,29,2.6,94.4,69.0,6,0,9.01,10.635799999999994,16.2101,5.574300000000006
2046,23,2.0,55.2,63.4,9,1,16.59,12.638700000000005,16.867999999999984,4.229299999999979
2047,21,9.0,91.1,75.1,3,0,9.22,9.60560000000001,15.910600000000002,6.304999999999993
2048,33,4.1,60.5,33.6,2,0,7.28,6.812699999999989,9.05640000000001,2.243700000000022
2049,30,7.2,69.7,48.5,10,0,18.32,16.85929999999999,18.54680000000001,1.6875000000000213
2050,21,1.2,65.8,83.2,5,1,15.48,12.346199999999993,15.26120000000001,2.915000000000017
2051,34,7.2,70.0,35.2,9,0,12.63,13.096700000000016,17.881100000000007,4.784399999999991
2052,18,3.8,57.5,85.6,6,1,17.33,11.98580000000001,16.57829999999999,4.592499999999982
2053,34,1.5,75.2,36.0,8,1,13.38,12.092000000000006,14.807800000000013,2.715800000000007
2054,32,6.5,90.1,84.2,8,1,20.69,15.549699999999998,20.51760000000003,4.967900000000032
2055,28,3.2,72.1,53.5,7,1,15.34,11.102500000000012,15.455599999999986,4.353099999999975
2056,30,4.5,74.5,69.8,5,0,8.42,9.304999999999996,15.18880000000001,5.883800000000013
2057,18,1.7,92.4,39.9,2,0,10.21,9.094000000000008,10.550899999999995,1.4568999999999868
2058,34,2.3,85.3,34.3,10,1,19.39,11.951099999999995,18.888900000000024,6.9378000000000295
2059,23,3.7,74.5,44.0,10,0,11.65,11.871099999999995,16.047500000000007,4.176400000000012
2060,21,1.8,62.9,38.3,5,1,13.83,8.436399999999997,12.949999999999994,4.513599999999997
2061,33,9.2,94.2,50.3,7,1,16.15,13.2981,16.82460000000002,3.5265000000000217
2062,32,1.1,78.9,63.4,7,0,12.34,11.639599999999998,15.440099999999996,3.8004999999999978
2063,32,5.4,61.1,68.3,2,1,12.33,8.9188,12.199200000000003,3.2804000000000038
2064,23,2.1,63.5,81.3,7,1,19.04,13.097399999999991,17.300499999999985,4.203099999999994
2065,32,3.8,90.2,72.7,6,0,12.75,12.424599999999998,16.124099999999995,3.699499999999997
2066,31,9.3,52.2,69.6,7,1,14.32,12.533600000000002,15.368299999999994,2.8346999999999927
2067,28,2.5,99.6,56.8,8,0,14.89,13.891500000000017,16.142100000000013,2.250599999999997
2068,24,9.7,56.5,60.8,4,1,14.06,10.203699999999996,14.155299999999972,3.951599999999976
2069,26,2.9,89.8,56.9,1,1,10.32,5.9810000000000025,10.603200000000014,4.622200000000011
2070,33,7.7,69.7,84.7,8,1,19.26,15.0166,19.083299999999998,4.066699999999997
2071,22,5.9,74.6,45.0,8,1,15.59,12.482800000000005,16.039899999999996,3.5570999999999913
2072,27,9.0,94.0,30.4,3,1,17.81,9.581199999999997,16.699799999999975,7.118599999999978
2073,20,6.0,70.6,72.3,3,1,15.56,9.513300000000001,15.05689999999998,5.543599999999978
2074,30,5.8,76.9,43.2,5,1,12.04,9.819299999999998,12.80339999999999,2.984099999999991
2075,28,2.8,52.5,87.9,3,1,11.08,7.566100000000007,11.335000000000006,3.7688999999999995
2076,34,2.5,50.1,85.8,5,1,11.18,12.900400000000001,11.974499999999999,-0.9259000000000022
2077,30,9.2,62.2,35.0,8,1,18.88,12.153800000000004,18.19290000000003,6.039100000000026
2078,23,4.0,84.0,36.9,1,1,10.31,6.993300000000001,10.329099999999984,3.335799999999983
2079,34,4.3,56.1,62.2,2,1,9.28,7.441200000000002,10.009399999999985,2.568199999999983
2080,30,7.8,55.7,69.6,2,1,16.13,9.384700000000002,14.577300000000019,5.1926000000000165
2081,27,4.0,70.5,47.9,4,0,9.72,9.227300000000016,12.956899999999996,3.72959999999998
2082,20,9.6,82.4,76.6,9,1,21.36,16.238,20.772299999999976,4.534299999999977
2083,31,7.6,85.6,68.7,2,1,14.63,10.1859,14.071300000000017,3.8854000000000166
2084,22,6.4,58.9,51.1,9,1,14.54,14.066300000000004,15.084499999999984,1.0181999999999807
2085,22,8.9,54.0,31.6,7,0,12.14,12.026499999999999,16.254000000000005,4.227500000000006
2086,34,1.4,97.0,78.8,10,1,18.51,13.861500000000001,18.647599999999994,4.786099999999992
2087,27,3.3,63.0,44.0,8,0,13.06,12.544899999999982,15.472199999999994,2.9273000000000113
2088,22,5.2,92.7,84.2,1,0,10.37,9.888200000000007,13.654099999999994,3.765899999999988
2089,21,3.0,93.2,57.3,5,1,14.6,10.810000000000002,14.84759999999999,4.037599999999987
2090,23,7.7,88.6,67.5,9,1,19.82,15.202899999999993,19.7601,4.557200000000009
2091,21,9.3,58.4,86.7,4,0,14.93,13.390600000000001,15.858099999999995,2.467499999999994
2092,24,4.8,91.1,86.1,2,1,11.71,9.687199999999995,12.416500000000015,2.72930000000002
2093,24,4.1,88.5,54.1,6,0,10.04,10.704299999999987,15.541700000000006,4.837400000000018
2094,20,9.7,79.8,43.6,2,0,10.87,10.074400000000006,13.174499999999993,3.100099999999987
2095,18,5.0,66.9,80.4,3,0,12.65,11.329599999999997,13.515,2.185400000000003
2096,21,5.4,63.1,58.2,8,1,16.35,12.530699999999998,16.588099999999983,4.057399999999985
2097,23,4.2,56.1,42.5,3,0,5.86,6.030700000000007,10.831000000000003,4.8002999999999965
2098,26,9.2,75.5,88.8,2,0,9.25,9.498700000000001,13.529099999999998,4.030399999999997
2099,31,6.1,79.3,42.9,6,1,12.48,10.4351,13.453900000000008,3.0188000000000077
2100,29,7.9,68.0,31.7,3,0,12.0,10.6202,12.7075,2.087299999999999
2101,21,8.3,73.8,31.3,1,1,11.08,7.700300000000001,11.146800000000008,3.4465000000000066
2102,29,4.1,68.2,70.5,3,1,13.9,8.5325,13.372100000000007,4.839600000000006
2103,27,4.9,82.1,73.0,6,1,17.47,11.864600000000003,16.722500000000014,4.857900000000011
2104,24,8.6,95.1,50.2,3,0,12.88,11.779000000000007,15.718199999999992,3.9391999999999854
2105,20,4.3,58.2,50.8,9,1,15.53,13.630499999999998,15.35869999999999,1.7281999999999922
2106,31,8.1,69.1,52.1,7,1,16.2,12.744000000000003,17.022000000000016,4.278000000000013
2107,27,9.5,57.0,74.2,5,0,13.46,12.974500000000013,18.337699999999995,5.363199999999981
2108,33,6.6,81.2,33.8,2,0,3.79,5.251400000000001,11.139499999999993,5.888099999999992
2109,33,7.7,86.4,90.4,9,0,19.22,17.974000000000007,21.095500000000005,3.1214999999999975
2110,27,8.2,96.6,44.5,5,0,14.65,13.563200000000005,16.357599999999994,2.794399999999989
2111,30,8.6,63.9,95.0,7,1,19.48,13.703799999999996,19.99180000000001,6.288000000000013
2112,23,4.6,97.5,41.1,9,1,16.09,13.80289999999999,16.731299999999987,2.9283999999999963
2113,29,1.5,53.2,80.2,4,0,10.89,10.521499999999994,12.452500000000004,1.9310000000000098
2114,26,4.6,80.2,44.5,9,0,12.6,12.3487,16.4333,4.0846
2115,30,7.1,52.9,35.3,1,1,10.33,7.621099999999997,10.229500000000009,2.608400000000012
2116,21,5.1,94.7,86.9,6,0,13.7,13.828900000000017,17.6425,3.8135999999999814
2117,28,7.7,76.5,85.8,2,1,13.48,11.238699999999994,13.4319,2.1932000000000063
2118,28,4.2,83.5,56.2,8,0,13.46,12.961900000000014,16.240600000000004,3.27869999999999
2119,21,6.7,91.6,75.7,5,1,14.12,13.222199999999996,15.546499999999975,2.3242999999999796
2120,18,2.7,57.5,66.2,3,1,7.27,7.883000000000003,8.959499999999993,1.0764999999999905
2121,24,7.7,51.9,85.4,2,0,10.08,10.13490000000001,12.851700000000003,2.716799999999992
2122,23,5.9,93.9,50.5,8,0,15.3,14.290299999999991,16.886400000000005,2.596100000000014
2123,32,2.8,65.7,64.0,7,1,14.18,10.416400000000001,14.571600000000004,4.1552000000000024
2124,28,3.6,56.4,61.5,9,1,15.4,12.945300000000001,16.087800000000016,3.1425000000000143
2125,32,7.7,73.4,53.0,8,0,14.47,14.010500000000015,18.68930000000001,4.678799999999995
2126,33,5.3,79.9,87.9,4,1,15.67,11.451300000000005,15.172900000000004,3.7215999999999987
2127,24,2.9,51.5,40.8,2,0,4.78,5.217999999999992,10.012100000000002,4.79410000000001
2128,27,9.7,63.7,39.7,2,1,13.26,7.326800000000003,13.33919999999999,6.012399999999986
2129,29,7.4,51.6,67.5,2,1,12.53,8.362899999999996,12.73509999999999,4.372199999999994
2130,31,9.6,71.0,72.7,6,0,10.47,11.768900000000015,19.3076,7.538699999999986
2131,22,4.8,94.8,42.7,7,0,11.56,11.892899999999981,15.635400000000015,3.7425000000000335
2132,22,5.3,99.1,55.4,6,0,12.23,12.317500000000006,16.967100000000002,4.649599999999996
2133,20,9.1,81.9,91.5,2,1,14.84,9.174400000000002,14.263599999999997,5.089199999999995
2134,22,5.7,58.1,46.0,4,0,10.52,9.654899999999992,12.7211,3.0662000000000074
2135,34,7.4,95.3,73.4,3,0,11.75,11.470899999999999,14.937300000000004,3.4664000000000055
2136,29,3.3,75.8,78.1,4,1,13.66,10.217900000000006,14.061900000000007,3.844000000000001
2137,26,5.0,57.7,59.1,5,0,10.2,10.206400000000011,14.022499999999997,3.8160999999999863
2138,18,2.1,96.1,90.9,7,1,17.04,15.103699999999995,17.635499999999986,2.5317999999999916
2139,21,2.9,87.9,77.9,9,0,14.01,13.8378,19.428300000000007,5.590500000000008
2140,27,1.0,86.6,59.8,2,0,7.06,6.503299999999993,12.125400000000004,5.622100000000011
2141,24,1.4,85.5,67.0,8,0,9.12,10.187000000000005,17.426200000000005,7.2392
2142,18,9.8,60.0,75.0,3,1,15.12,9.560000000000008,15.258799999999974,5.698799999999967
2143,34,3.2,60.6,68.5,9,1,17.57,13.838199999999997,17.353999999999996,3.5157999999999987
2144,19,7.0,84.4,87.1,10,1,26.3,15.572600000000008,23.388999999999992,7.816399999999984
2145,28,8.6,61.0,53.2,4,0,10.72,10.670700000000018,13.513299999999989,2.8425999999999707
2146,26,6.0,71.9,49.5,3,0,7.23,7.835600000000008,12.822200000000011,4.986600000000003
2147,24,2.4,89.1,43.9,10,1,14.33,11.926199999999987,15.72829999999999,3.802100000000003
2148,34,7.6,89.2,32.5,6,0,8.89,10.522099999999993,15.928199999999997,5.406100000000004
2149,34,6.4,72.7,32.8,10,0,12.42,12.953800000000001,17.611800000000006,4.658000000000005
2150,19,7.6,89.6,86.6,9,0,15.16,15.496600000000011,21.430100000000003,5.933499999999992
2151,23,7.9,91.9,74.1,7,1,18.59,13.725300000000004,18.723999999999975,4.998699999999971
2152,31,9.8,82.7,72.9,4,1,16.1,11.362399999999997,16.334599999999988,4.97219999999999
2153,23,6.2,61.4,70.0,3,0,8.83,9.094200000000008,14.62930000000001,5.535100000000002
2154,19,4.1,63.7,85.2,10,0,14.35,14.626499999999991,17.49499999999999,2.868499999999999
2155,18,6.8,65.7,61.2,4,1,14.3,9.162400000000005,14.398399999999981,5.235999999999976
2156,27,1.6,55.8,86.6,3,1,10.35,7.460900000000007,10.809300000000007,3.3484000000000007
2157,22,9.1,63.7,53.4,3,0,6.74,7.785600000000004,13.789599999999993,6.003999999999989
2158,19,2.1,60.5,90.2,9,1,17.1,14.6231,17.24909999999998,2.62599999999998
2159,33,4.0,72.8,75.4,4,0,11.02,10.468299999999994,14.165200000000006,3.696900000000012
2160,19,8.3,95.4,46.7,9,0,12.23,13.30550000000001,18.248300000000015,4.942800000000005
2161,27,6.4,55.2,66.7,10,0,13.44,13.87140000000002,17.5449,3.6734999999999776
2162,19,4.5,86.0,64.6,5,0,10.64,11.165399999999995,15.380599999999998,4.215200000000003
2163,33,5.3,84.4,39.0,7,0,11.07,11.175900000000013,16.196700000000003,5.020799999999991
2164,33,8.7,54.8,68.4,5,1,17.15,10.805899999999994,16.659300000000016,5.853400000000022
2165,24,4.1,96.1,50.5,1,0,9.11,8.768500000000007,11.614199999999991,2.845699999999985
2166,29,8.8,78.4,33.4,2,0,8.27,7.601399999999993,12.966000000000006,5.364600000000014
2167,32,1.8,68.2,91.7,5,0,13.5,13.111699999999999,15.476600000000003,2.364900000000004
2168,25,8.0,87.8,71.7,6,1,17.24,12.501300000000008,17.409899999999997,4.908599999999989
2169,23,8.6,62.9,87.0,7,1,20.22,13.01769999999999,19.91580000000001,6.898100000000021
2170,27,2.6,84.7,73.9,2,0,7.26,7.431099999999997,12.933900000000012,5.502800000000015
2171,20,4.9,52.0,53.2,10,0,14.04,13.890399999999985,17.672899999999995,3.7825000000000095
2172,34,2.5,92.0,63.3,9,0,15.04,15.027099999999985,17.882700000000007,2.855600000000022
2173,24,7.4,72.4,73.9,6,0,12.63,12.418500000000018,17.231099999999987,4.81259999999997
2174,21,5.8,81.8,92.4,2,0,8.19,8.831800000000014,12.89350000000001,4.0616999999999965
2175,31,6.7,61.1,46.5,2,1,8.31,7.317699999999995,8.983699999999983,1.665999999999988
2176,32,2.8,83.9,86.9,3,1,15.17,9.6441,14.553399999999996,4.9092999999999964
2177,25,2.9,88.6,90.1,1,1,12.35,7.7688999999999995,12.456099999999998,4.687199999999998
2178,32,1.4,73.7,73.6,9,0,13.04,13.503899999999982,17.080199999999987,3.576300000000005
2179,31,3.9,80.9,90.5,10,0,18.93,18.134800000000013,19.600299999999997,1.4654999999999845
2180,26,6.0,72.8,55.9,4,1,12.14,9.651800000000007,13.136800000000012,3.4850000000000048
2181,25,8.7,94.7,91.9,5,1,20.29,14.233599999999992,19.412799999999976,5.179199999999984
2182,34,7.0,74.9,75.7,7,0,11.91,12.128600000000004,18.0073,5.878699999999997
2183,19,4.9,92.1,32.7,1,1,10.65,7.485699999999995,10.616799999999996,3.131100000000001
2184,20,9.6,90.1,88.9,3,0,9.78,10.321099999999985,15.619600000000013,5.298500000000027
2185,25,7.5,70.5,61.5,3,0,7.98,8.204100000000007,13.752099999999995,5.547999999999988
2186,29,9.4,61.5,59.9,2,0,9.62,8.854000000000003,12.919499999999994,4.065499999999991
2187,18,5.7,70.3,66.8,8,1,20.12,12.611799999999993,19.284599999999966,6.672799999999972
2188,27,3.3,91.3,39.7,5,0,10.4,10.255099999999992,13.695399999999996,3.440300000000004
2189,20,1.5,61.4,60.5,1,1,10.11,6.668300000000001,10.12450000000001,3.456200000000009
2190,23,7.5,76.2,84.0,2,0,15.06,13.061199999999978,13.124099999999999,0.06290000000002038
2191,24,2.1,90.3,31.0,1,0,6.71,6.625900000000001,9.940800000000001,3.3149000000000006
2192,28,3.7,67.7,47.7,6,1,12.18,9.804099999999995,12.8502,3.0461000000000045
2193,22,5.8,82.1,30.2,9,0,9.26,11.025699999999993,16.617200000000008,5.591500000000014
2194,28,6.1,62.3,57.0,7,0,12.6,12.522199999999996,15.949299999999996,3.4270999999999994
2195,29,6.4,55.5,77.3,5,0,8.32,8.584900000000012,16.2093,7.624399999999987
2196,27,2.5,89.7,81.9,3,1,11.98,9.618399999999998,12.857100000000004,3.238700000000007
2197,25,4.4,54.9,91.4,8,1,18.08,13.652699999999992,18.160999999999984,4.508299999999991
2198,26,6.6,63.6,69.6,10,0,17.12,16.709099999999978,18.6517,1.9426000000000236
2199,21,9.7,92.8,46.6,4,0,10.17,10.460399999999991,15.352599999999994,4.8922000000000025
2200,22,7.5,67.3,90.1,9,1,17.66,15.909300000000005,18.220200000000023,2.310900000000018
2201,25,9.3,98.7,80.4,5,0,13.01,13.563099999999997,20.094399999999993,6.531299999999996
2202,26,7.9,99.0,67.3,6,0,12.57,13.725400000000002,20.078800000000005,6.353400000000002
2203,32,6.3,63.4,75.2,5,0,11.47,10.66210000000001,17.385000000000005,6.722899999999996
2204,32,2.7,52.0,90.1,10,1,15.78,14.881000000000007,16.567699999999984,1.686699999999977
2205,33,7.0,85.3,76.3,7,0,12.05,12.390799999999988,19.0609,6.670100000000012
2206,31,6.6,72.5,53.9,7,1,18.61,12.359300000000003,17.86369999999998,5.504399999999977
2207,25,6.4,55.0,76.3,1,1,13.45,8.306999999999999,13.224200000000017,4.917200000000019
2208,27,5.4,85.4,32.6,2,1,13.99,6.375199999999999,12.457500000000005,6.082300000000006
2209,23,5.8,51.6,55.1,7,1,11.55,12.370999999999999,12.88949999999999,0.5184999999999906
2210,29,4.0,93.5,56.4,8,0,11.25,11.921900000000004,16.428100000000008,4.506200000000003
2211,19,5.7,56.9,40.8,4,1,14.35,8.078700000000005,13.599599999999993,5.520899999999989
2212,24,2.8,56.4,31.5,6,1,13.5,8.712200000000001,13.173599999999997,4.461399999999996
2213,33,8.2,58.8,38.7,10,0,14.56,14.441899999999984,16.53049999999999,2.088600000000005
2214,20,2.7,98.0,72.6,3,0,8.92,9.21749999999999,14.124999999999993,4.907500000000002
2215,30,1.8,84.7,82.1,7,0,11.46,11.783000000000007,17.59529999999999,5.8122999999999845
2216,20,4.9,90.1,94.2,3,1,15.64,10.074100000000003,15.042800000000009,4.9687000000000054
2217,28,6.9,69.9,52.5,7,0,11.15,11.57,16.94899999999999,5.378999999999991
2218,25,4.9,66.8,69.0,8,0,14.14,13.958100000000018,17.4839,3.5257999999999807
2219,23,3.5,61.7,90.9,3,1,13.5,9.161900000000005,13.607999999999999,4.446099999999994
2220,18,6.0,74.0,40.9,2,1,9.8,7.024699999999992,10.262899999999984,3.238199999999992
2221,18,4.1,77.6,76.6,6,0,13.25,13.2875,14.149500000000003,0.8620000000000037
2222,25,9.4,81.6,79.1,4,1,19.5,11.377199999999998,18.056800000000006,6.679600000000008
2223,22,9.3,62.9,35.8,8,1,19.7,12.820500000000006,18.79270000000002,5.972200000000015
2224,33,5.5,97.4,86.0,2,0,11.54,10.825699999999989,14.814999999999996,3.989300000000007
2225,28,4.0,58.5,82.9,4,1,15.24,11.711600000000002,14.904300000000008,3.1927000000000056
2226,22,7.6,98.3,32.2,2,1,10.84,8.391199999999994,11.562800000000005,3.1716000000000104
2227,21,1.3,50.7,35.9,2,1,7.11,6.104200000000007,7.747300000000004,1.643099999999997
2228,23,5.3,74.1,33.2,2,1,10.75,6.4627,10.791400000000001,4.328700000000001
2229,31,4.0,66.7,51.8,1,1,11.51,6.740900000000003,11.006199999999994,4.265299999999992
2230,26,9.3,72.5,63.1,4,0,9.65,10.209999999999987,15.267300000000002,5.057300000000016
2231,29,1.1,78.5,64.6,2,0,6.85,6.627000000000007,12.018600000000001,5.391599999999994
2232,28,6.0,71.8,47.4,9,0,14.34,13.984299999999989,16.71240000000001,2.728100000000021
2233,31,7.7,70.7,89.3,9,0,15.99,16.211400000000005,19.200400000000002,2.988999999999997
2234,33,5.4,86.6,53.9,7,1,17.45,11.9467,17.030400000000018,5.083700000000018
2235,18,1.8,84.3,33.0,6,0,7.87,8.389600000000002,15.241999999999988,6.852399999999987
2236,30,9.8,91.7,49.5,3,0,9.44,9.837700000000016,15.145499999999993,5.307799999999977
2237,30,5.7,62.5,64.5,7,0,11.19,11.469100000000017,15.683099999999989,4.213999999999972
2238,19,6.5,80.5,56.5,1,0,7.66,7.714599999999999,12.088300000000004,4.373700000000005
2239,21,3.1,79.3,47.8,9,0,11.88,12.431200000000004,17.23610000000001,4.804900000000007
2240,23,5.4,68.5,38.5,4,0,7.39,7.655799999999994,13.087799999999998,5.432000000000004
2241,22,4.9,74.3,83.2,6,1,16.89,12.495100000000004,16.29450000000002,3.7994000000000163
2242,20,1.7,65.7,94.7,6,0,16.12,13.787099999999988,15.840900000000001,2.053800000000013
2243,18,2.0,57.1,51.4,3,1,11.79,8.0131,11.023099999999998,3.009999999999998
2244,21,8.5,60.7,54.8,4,1,10.81,10.17890000000001,12.173599999999974,1.9946999999999644
2245,19,3.2,55.3,70.2,10,1,18.26,13.912400000000002,18.11819999999999,4.205799999999989
2246,22,2.8,84.2,76.7,3,0,8.43,8.755399999999984,14.2684,5.513000000000016
2247,20,5.5,83.0,55.5,6,1,14.04,11.4263,14.361399999999986,2.935099999999986
2248,26,7.9,97.5,88.8,1,1,16.68,10.463499999999996,15.635,5.1715000000000035
2249,23,1.6,86.5,66.4,8,0,12.87,12.152999999999988,17.362199999999998,5.20920000000001
2250,23,6.2,52.6,59.3,8,0,17.47,15.822100000000013,16.760999999999996,0.9388999999999825
2251,29,2.1,94.2,72.0,9,0,13.92,13.924700000000003,17.57240000000001,3.6477000000000057
2252,28,1.3,93.1,91.9,6,1,16.12,11.808599999999998,16.44549999999997,4.636899999999972
2253,19,1.5,72.2,81.6,1,1,13.48,7.451000000000007,13.376200000000013,5.9252000000000065
2254,32,8.5,79.3,32.6,3,0,8.58,8.667100000000008,12.741499999999998,4.07439999999999
2255,29,2.1,98.8,51.6,1,0,4.75,5.1617,11.721999999999996,6.560299999999996
2256,29,1.4,76.6,60.6,5,1,11.66,9.448999999999996,12.196800000000005,2.7478000000000087
2257,26,4.9,95.3,50.4,3,1,12.99,9.442899999999996,13.3177,3.874800000000004
2258,19,8.6,54.2,75.5,2,1,14.84,8.319800000000006,14.13919999999999,5.819399999999984
2259,20,3.4,59.6,83.7,3,1,15.47,8.387500000000006,14.380700000000013,5.993200000000007
2260,29,4.8,72.0,77.5,9,1,20.2,14.283800000000006,19.528100000000016,5.24430000000001
2261,33,1.4,79.2,94.3,8,1,18.77,13.238699999999989,18.53949999999999,5.300800000000001
2262,18,5.0,90.8,47.7,3,0,10.95,10.257800000000016,13.131799999999998,2.873999999999983
2263,20,6.2,99.4,86.9,2,0,11.72,10.684300000000013,14.941899999999993,4.2575999999999805
2264,19,6.1,69.4,79.8,5,1,14.09,11.978899999999994,14.602799999999991,2.6238999999999972
2265,26,4.0,52.4,53.5,1,0,5.61,5.896100000000007,9.530399999999991,3.6342999999999845
2266,32,3.8,90.1,77.7,4,0,9.71,10.051200000000014,15.192199999999993,5.140999999999979
2267,28,2.0,80.2,36.8,8,1,17.57,11.902199999999999,16.980799999999984,5.078599999999986
2268,33,4.3,59.9,81.3,1,1,9.67,8.211100000000002,11.029099999999998,2.817999999999996
2269,34,1.9,74.7,64.6,5,1,11.85,9.743600000000004,12.574699999999998,2.831099999999994
2270,22,7.9,87.1,49.0,4,0,10.58,10.282900000000014,15.656899999999997,5.373999999999983
2271,29,9.7,88.5,72.6,6,1,22.59,13.962200000000001,21.328399999999977,7.366199999999976
2272,28,9.7,75.0,71.7,7,0,15.33,14.646299999999995,19.130200000000013,4.483900000000018
2273,32,8.8,65.3,43.6,9,1,20.25,14.177999999999997,19.595700000000008,5.417700000000011
2274,20,6.4,98.7,32.0,1,0,4.75,6.328699999999997,11.319000000000003,4.990300000000006
2275,18,7.3,83.2,58.2,10,0,16.57,16.387399999999992,20.579899999999995,4.192500000000003
2276,33,3.6,70.4,67.0,4,0,7.34,7.899000000000005,13.973999999999998,6.074999999999993
2277,19,6.7,64.0,87.0,6,1,18.49,12.541499999999996,17.574900000000003,5.033400000000007
2278,19,5.1,86.6,90.3,10,0,13.25,14.507800000000001,20.936400000000003,6.428600000000001
2279,20,5.3,62.1,64.4,7,1,15.37,11.792999999999996,15.265699999999976,3.47269999999998
2280,25,7.8,58.6,79.0,7,0,9.15,11.048699999999998,18.250400000000006,7.201700000000008
2281,32,3.5,76.5,58.6,8,0,10.73,11.318500000000007,17.085600000000003,5.767099999999996
2282,24,3.9,64.5,78.5,10,1,15.86,15.176800000000009,16.60019999999998,1.4233999999999707
2283,23,9.3,81.4,43.3,8,1,19.66,13.211200000000005,19.331400000000027,6.120200000000022
2284,26,1.5,55.9,54.1,8,0,11.35,11.411000000000003,14.857300000000002,3.446299999999999
2285,18,5.4,82.7,71.2,8,1,17.32,14.476300000000002,18.236599999999996,3.7602999999999938
2286,25,9.2,64.2,31.2,8,1,17.08,12.904800000000005,17.614799999999992,4.709999999999987
2287,20,6.5,50.0,77.0,6,1,14.09,11.545399999999994,14.71269999999999,3.1672999999999956
2288,21,5.9,56.3,84.3,9,1,19.23,14.1272,18.56200000000001,4.434800000000008
2289,32,3.2,96.7,55.9,3,0,8.74,8.577700000000004,12.104599999999994,3.5268999999999906
2290,23,4.1,93.4,59.1,6,0,16.14,14.45280000000001,16.0547,1.6018999999999899
2291,32,8.7,61.7,85.3,5,0,15.56,14.367899999999977,18.184299999999997,3.8164000000000193
2292,20,6.0,88.9,80.4,8,0,16.47,15.732300000000015,20.83040000000002,5.098100000000004
2293,31,5.6,80.4,48.7,4,1,14.48,9.438800000000004,14.240400000000008,4.801600000000004
2294,31,1.9,98.5,51.1,4,0,10.03,9.407799999999991,12.861600000000001,3.45380000000001
2295,21,1.1,68.7,74.1,10,0,16.52,15.390699999999995,17.202699999999997,1.8120000000000012
2296,29,9.7,84.1,66.6,10,1,21.99,15.7826,21.649799999999995,5.867199999999995
2297,34,4.4,53.2,40.5,5,1,13.14,9.227000000000002,12.670100000000012,3.44310000000001
2298,24,6.4,69.8,50.1,6,1,14.2,9.8243,14.78210000000002,4.95780000000002
2299,26,1.7,98.2,88.5,4,1,13.84,11.340500000000002,14.378899999999993,3.0383999999999904
2300,20,7.1,76.9,74.7,2,0,9.2,8.898600000000014,12.787,3.8883999999999865
2301,30,9.4,64.4,94.1,2,1,10.06,10.421699999999996,12.103899999999985,1.6821999999999893
2302,32,6.2,56.0,79.9,3,1,13.62,8.075300000000007,13.450799999999985,5.3754999999999775
2303,18,2.1,85.2,91.2,2,0,8.76,9.195699999999995,13.219899999999997,4.024200000000002
2304,23,6.2,82.2,44.1,1,0,8.78,8.298099999999987,10.883599999999996,2.5855000000000086
2305,19,7.9,68.7,80.1,8,0,16.89,15.820200000000021,18.917900000000017,3.097699999999996
2306,31,4.7,97.5,31.3,5,1,19.46,9.656500000000001,17.584600000000012,7.928100000000011
2307,23,8.9,51.1,73.6,10,0,16.6,15.793199999999992,18.36389999999999,2.5706999999999987
2308,31,6.8,65.2,60.5,1,1,12.11,7.559599999999998,11.980799999999995,4.421199999999997
2309,21,9.1,96.1,52.5,9,0,13.85,14.088399999999993,19.042500000000008,4.954100000000015
2310,25,6.6,66.0,86.1,8,0,12.24,13.055100000000005,18.6422,5.587099999999994
2311,20,2.2,62.6,85.5,4,0,11.73,11.577100000000009,15.194399999999996,3.6172999999999877
2312,31,3.8,76.7,31.4,8,0,11.17,11.274899999999997,15.702700000000016,4.427800000000019
2313,34,2.8,91.2,69.6,10,0,15.77,15.368599999999994,18.780800000000003,3.4122000000000092
2314,25,9.2,55.2,53.9,7,0,12.29,11.688699999999988,17.81140000000001,6.122700000000021
2315,31,7.8,97.2,57.0,7,0,13.41,13.278200000000009,19.730100000000004,6.451899999999995
2316,23,7.1,89.8,84.1,1,1,14.77,10.85229999999999,14.049399999999991,3.1971000000000007
2317,33,3.7,59.1,50.1,6,1,14.58,9.837999999999994,13.980799999999997,4.142800000000003
2318,31,2.7,85.6,91.3,4,1,17.01,9.875299999999996,16.059399999999993,6.184099999999997
2319,20,7.8,69.2,41.7,10,1,16.2,12.644399999999996,17.14490000000001,4.500500000000015
2320,27,5.3,70.1,73.1,10,1,20.45,16.299500000000002,19.767200000000006,3.4677000000000042
2321,26,3.0,89.2,73.7,10,1,16.77,14.717600000000004,17.529399999999992,2.8117999999999874
2322,30,6.5,98.1,46.4,2,0,9.89,9.211699999999992,13.167699999999991,3.9559999999999995
2323,24,1.4,56.3,51.1,10,1,16.57,12.134299999999996,15.8034,3.669100000000004
2324,31,3.9,71.0,84.3,7,1,16.77,13.068,16.463499999999986,3.395499999999986
2325,26,5.2,74.0,79.5,9,1,18.88,14.94670000000001,18.89950000000003,3.952800000000021
2326,32,2.3,68.8,51.4,5,1,13.2,9.9072,13.357500000000014,3.4503000000000146
2327,31,9.9,68.2,64.7,8,0,16.34,15.106399999999983,19.773400000000017,4.667000000000034
2328,23,2.9,52.6,34.0,5,1,13.49,8.8077,12.978900000000003,4.1712000000000025
2329,21,2.2,84.3,43.6,7,0,12.63,11.484100000000005,16.447700000000008,4.963600000000003
2330,25,2.8,71.8,61.6,7,0,8.84,9.693600000000005,15.5752,5.881599999999995
2331,34,7.9,59.7,35.6,9,0,13.9,13.320600000000002,16.2811,2.960499999999996
2332,26,4.8,90.8,84.8,3,0,5.77,7.6152999999999915,13.648200000000001,6.0329000000000095
2333,18,6.1,90.1,76.7,1,0,4.6,6.416500000000009,13.104199999999999,6.68769999999999
2334,31,1.2,74.3,91.3,2,0,10.94,9.310500000000017,13.685999999999995,4.3754999999999775
2335,28,1.3,64.9,75.1,6,1,11.43,11.254699999999993,12.583399999999992,1.3286999999999995
2336,20,5.0,81.9,91.1,10,0,15.9,16.317100000000014,20.883599999999987,4.566499999999973
2337,26,8.3,64.4,66.0,10,1,22.65,15.63579999999999,21.871700000000033,6.235900000000042
2338,31,9.0,61.8,69.0,9,1,20.51,15.570800000000002,19.593599999999995,4.022799999999993
2339,26,1.8,86.5,93.5,3,1,14.86,9.462400000000008,14.544899999999993,5.082499999999985
2340,21,5.8,52.0,71.7,10,0,14.49,14.914500000000007,18.134599999999985,3.2200999999999773
2341,21,9.2,54.7,32.0,2,1,11.87,7.390099999999999,11.79189999999999,4.401799999999991
2342,25,4.5,50.3,77.0,1,0,6.03,6.086299999999991,10.431899999999999,4.345600000000008
2343,19,8.5,57.6,88.9,2,0,8.94,8.800700000000017,15.114799999999992,6.314099999999975
2344,26,2.2,53.4,81.7,3,1,12.21,7.047100000000008,12.144200000000014,5.0971000000000055
2345,31,9.4,99.8,67.9,7,1,20.21,13.491000000000003,20.335200000000015,6.844200000000011
2346,26,7.8,64.4,73.6,2,1,13.3,9.021100000000004,13.234099999999987,4.212999999999983
2347,33,9.5,57.5,94.4,5,0,8.35,10.851400000000005,18.840099999999996,7.988699999999991
2348,34,7.1,62.0,35.9,2,0,10.16,8.457699999999999,10.083699999999999,1.6259999999999994
2349,33,4.3,96.8,73.4,7,0,15.12,14.347499999999977,17.288599999999995,2.9411000000000183
2350,29,9.4,76.0,48.4,10,1,19.57,15.491599999999998,19.739099999999993,4.247499999999995
2351,20,3.5,68.2,71.6,8,0,14.84,13.851799999999994,16.496300000000005,2.6445000000000114
2352,28,4.0,93.7,69.5,8,1,17.44,13.768799999999999,17.679000000000023,3.9102000000000245
2353,31,7.3,69.7,40.0,8,0,12.95,12.35390000000002,18.31380000000002,5.9598999999999975
2354,22,7.9,66.8,43.4,10,0,10.3,11.18949999999998,18.2826,7.093100000000019
2355,33,9.4,60.4,70.4,9,0,15.4,15.504700000000009,18.411199999999997,2.9064999999999888
2356,22,2.8,68.9,38.3,1,0,4.92,5.7911,9.526400000000002,3.7353000000000023
2357,20,8.2,65.8,47.2,1,1,12.17,8.077300000000001,12.529099999999994,4.451799999999993
2358,29,7.6,83.9,84.3,10,1,24.87,15.898000000000009,23.44859999999996,7.550599999999951
2359,18,1.6,64.5,51.3,2,0,6.46,6.537800000000002,9.794400000000007,3.256600000000005
2360,26,4.5,78.9,61.7,6,0,10.46,10.448400000000008,14.690199999999999,4.241799999999991
2361,26,3.5,53.3,91.2,1,1,10.53,6.656800000000001,10.679599999999986,4.022799999999985
2362,21,3.7,59.6,44.8,5,1,9.87,8.989099999999997,11.468499999999997,2.4794
2363,20,9.8,70.4,55.3,5,1,17.01,11.068399999999999,16.823099999999997,5.754699999999998
2364,34,6.8,96.8,69.4,4,0,12.34,11.996599999999999,15.495999999999995,3.499399999999996
2365,19,7.5,68.9,79.1,5,0,12.03,11.978099999999985,16.917099999999987,4.939000000000002
2366,18,9.8,83.2,88.6,1,0,12.02,10.734299999999994,14.890400000000005,4.156100000000011
2367,25,4.4,62.8,89.5,6,0,14.12,13.230399999999985,16.115200000000005,2.88480000000002
2368,30,8.2,56.4,80.5,7,1,17.86,12.697499999999998,18.04589999999999,5.348399999999991
2369,32,4.9,52.9,44.8,8,0,12.62,12.559199999999986,15.722699999999996,3.1635000000000097
2370,25,8.8,65.3,31.6,2,1,16.31,7.864400000000004,14.94139999999998,7.076999999999976
2371,29,2.6,57.9,54.9,7,0,9.09,9.787700000000012,15.500000000000005,5.712299999999994
2372,29,9.5,58.7,39.2,6,1,17.04,11.057200000000002,16.634199999999993,5.576999999999991
2373,31,3.0,88.0,76.2,9,0,14.57,14.229799999999997,18.0314,3.801600000000004
2374,32,3.9,50.8,73.0,8,0,14.64,13.94040000000001,15.73310000000001,1.7927
2375,32,7.8,77.9,32.9,4,1,12.27,8.5627,12.860599999999993,4.297899999999993
2376,26,4.5,69.0,84.4,9,0,15.02,15.191399999999994,17.982099999999992,2.7906999999999975
2377,25,6.5,75.3,46.2,1,0,5.63,6.525799999999996,11.137399999999996,4.6116
2378,23,5.0,78.1,58.1,6,0,7.76,8.611999999999993,14.4899,5.8779000000000075
2379,21,7.7,65.7,73.4,8,1,21.24,14.065499999999997,20.18670000000001,6.121200000000012
2380,24,3.1,64.8,57.9,4,1,11.71,8.103200000000001,12.044400000000014,3.9412000000000127
2381,21,1.5,86.7,58.7,2,1,9.79,7.868300000000001,10.252299999999993,2.3839999999999915
2382,29,3.7,93.6,34.3,2,1,10.32,6.621599999999997,10.496000000000008,3.8744000000000103
2383,30,5.3,59.6,56.1,10,1,21.55,13.717299999999998,20.664699999999975,6.947399999999977
2384,20,2.5,54.9,79.7,1,1,13.15,7.155900000000005,12.528900000000005,5.373
2385,29,4.2,94.9,89.5,5,1,16.46,11.703100000000001,16.487600000000015,4.784500000000014
2386,19,4.6,67.5,56.9,6,1,16.58,11.053899999999999,15.617099999999988,4.5631999999999895
2387,19,1.5,77.6,57.5,4,0,6.63,7.383900000000003,12.081,4.697099999999996
2388,26,6.2,68.0,75.7,4,1,15.91,10.7829,15.608400000000016,4.825500000000016
2389,18,9.0,56.3,91.3,5,1,16.12,13.564200000000012,16.299099999999974,2.7348999999999624
2390,25,2.4,79.5,47.4,5,0,10.23,9.809400000000009,13.491600000000004,3.6821999999999946
2391,23,6.4,76.3,58.6,9,0,11.27,12.35299999999999,18.3416,5.988600000000009
2392,23,7.0,60.1,81.7,8,0,12.85,13.244899999999994,18.516599999999993,5.271699999999999
2393,34,4.8,72.6,69.6,9,0,14.42,14.32390000000001,19.119300000000013,4.7954000000000025
2394,29,7.3,89.8,37.2,3,0,9.12,8.935000000000004,12.913200000000003,3.9781999999999993
2395,23,4.7,79.5,70.8,3,0,6.57,7.372000000000007,13.864700000000001,6.492699999999994
2396,25,5.5,54.8,42.1,1,0,3.98,4.2825000000000015,9.1336,4.851099999999998
2397,27,1.1,77.4,63.2,10,1,18.32,12.454100000000004,18.30549999999999,5.8513999999999875
2398,18,7.2,85.1,64.4,6,0,12.99,12.805500000000006,17.699899999999992,4.894399999999987
2399,30,7.0,89.6,87.0,4,0,13.3,12.805299999999988,15.712499999999986,2.907199999999998
2400,34,1.3,81.5,60.1,8,0,12.56,12.320799999999979,16.644,4.3232000000000195
2401,20,4.3,57.6,48.2,2,1,8.5,6.401700000000001,9.1475,2.7458
2402,25,9.8,85.5,45.0,2,0,8.16,8.625099999999996,14.85479999999999,6.229699999999994
2403,31,4.8,83.9,86.8,7,0,14.72,13.792300000000013,18.68759999999999,4.895299999999976
2404,20,5.5,51.2,41.1,5,1,10.81,10.312200000000002,11.280199999999981,0.9679999999999787
2405,33,9.2,70.6,57.7,1,0,5.85,6.222700000000008,12.952300000000001,6.729599999999993
2406,30,7.5,66.6,42.2,7,0,10.98,11.360700000000007,17.78740000000001,6.426700000000002
2407,34,6.2,83.5,80.3,7,0,14.21,13.833100000000012,18.452999999999996,4.6198999999999835
2408,30,8.2,60.8,60.8,10,1,15.67,14.146599999999992,16.851900000000015,2.7053000000000225
2409,23,8.8,79.5,52.8,6,1,16.45,11.162,16.455500000000022,5.293500000000021
2410,34,5.1,95.7,53.5,4,1,15.74,10.3134,15.771600000000001,5.4582000000000015
2411,31,5.3,89.9,85.4,8,0,16.12,15.411999999999972,19.481799999999993,4.06980000000002
2412,34,4.5,96.1,66.0,2,1,11.5,7.551500000000002,12.0744,4.522899999999999
2413,25,9.7,98.9,76.7,2,0,11.57,11.08010000000001,14.848599999999998,3.768499999999987
2414,28,7.3,50.5,88.3,2,0,11.34,10.559100000000006,13.159399999999996,2.60029999999999
2415,18,1.7,81.1,88.6,3,0,10.9,10.46699999999999,13.758400000000009,3.291400000000019
2416,24,8.8,70.6,51.4,6,1,15.6,11.3552,15.976699999999989,4.621499999999989
2417,34,5.3,93.0,91.9,1,0,4.74,6.611300000000003,13.949199999999992,7.33789999999999
2418,27,1.6,62.6,31.6,2,1,9.37,4.926900000000002,8.973200000000002,4.0463000000000005
2419,28,5.9,99.1,54.5,10,1,23.2,15.180399999999997,21.856100000000016,6.675700000000019
2420,26,4.8,80.7,88.2,2,0,11.28,10.25029999999999,12.994900000000007,2.744600000000016
2421,26,8.9,89.7,47.9,1,0,9.62,9.044200000000002,14.18539999999999,5.141199999999989
2422,22,2.8,54.3,47.8,3,0,7.46,7.353200000000003,10.391300000000001,3.0380999999999982
2423,34,8.4,59.2,49.7,10,0,16.15,15.617100000000011,17.114799999999992,1.4976999999999805
2424,26,6.0,87.9,69.8,7,0,13.83,13.496299999999996,18.12499999999999,4.628699999999993
2425,34,1.5,51.1,58.5,1,1,5.39,5.7887,6.863599999999994,1.0748999999999933
2426,24,9.7,90.8,77.2,7,0,16.39,15.58390000000001,20.6145,5.030599999999989
2427,26,5.6,50.7,88.2,5,1,13.46,13.476500000000001,13.893500000000012,0.4170000000000105
2428,24,3.6,82.9,73.8,9,0,14.41,14.334100000000001,18.991400000000002,4.657300000000001
2429,30,5.2,68.3,43.3,2,1,12.74,6.365700000000001,11.943100000000006,5.577400000000005
2430,28,8.7,80.6,90.6,1,1,13.34,9.289099999999996,13.68649999999999,4.397399999999994
2431,31,3.7,84.8,47.2,9,1,15.31,13.018899999999997,16.51609999999998,3.4971999999999834
2432,28,2.7,67.1,39.7,8,1,15.77,11.7662,15.688599999999987,3.9223999999999872
2433,30,2.2,55.4,35.8,10,0,9.77,10.633499999999993,15.416000000000007,4.782500000000015
2434,31,3.7,53.5,66.6,6,0,10.27,10.410699999999993,13.732900000000015,3.322200000000022
2435,30,8.0,79.4,37.4,5,1,17.3,10.062999999999997,16.66279999999998,6.599799999999982
2436,18,5.2,76.0,39.0,8,1,19.48,11.95560000000001,18.44880000000001,6.4932
2437,25,3.0,87.1,49.5,8,1,12.87,11.869200000000001,13.817599999999985,1.9483999999999835
2438,29,2.5,75.5,48.3,5,0,8.87,9.182000000000002,12.83510000000001,3.6531000000000073
2439,29,4.0,71.1,69.3,7,0,14.74,13.523000000000007,15.64470000000001,2.1217000000000024
2440,25,9.5,69.9,83.1,1,0,8.63,8.321099999999994,12.942699999999997,4.621600000000003
2441,25,4.1,51.3,79.5,4,1,14.96,10.388799999999994,14.782100000000012,4.393300000000018
2442,30,9.9,66.8,47.1,2,1,14.99,8.87030000000001,14.824400000000002,5.954099999999993
2443,29,5.4,98.8,45.9,10,1,18.17,15.382099999999996,18.40640000000002,3.0243000000000233
2444,33,2.6,93.7,92.8,3,1,15.62,10.452699999999998,15.218899999999978,4.76619999999998
2445,18,9.0,66.5,30.5,1,1,12.23,7.667499999999999,12.584000000000005,4.916500000000006
2446,30,5.1,79.4,87.2,2,1,15.79,9.535499999999995,14.942999999999984,5.407499999999988
2447,24,7.4,92.4,43.0,1,0,4.32,5.879,12.186299999999996,6.307299999999996
2448,22,9.9,72.1,91.6,8,1,23.13,15.8463,21.51080000000003,5.664500000000032
2449,25,1.5,50.9,52.2,4,0,9.09,8.824300000000008,9.562299999999995,0.7379999999999871
2450,31,1.9,53.7,58.6,3,1,8.51,7.466700000000002,9.177399999999997,1.7106999999999948
2451,30,7.5,75.5,76.0,1,0,8.48,9.185100000000007,13.680200000000008,4.495100000000001
2452,32,3.5,98.5,68.2,2,1,15.01,8.461799999999998,14.641399999999997,6.179599999999999
2453,34,2.7,84.7,50.7,3,1,10.1,8.772600000000004,10.647900000000007,1.8753000000000029
2454,32,1.4,53.5,66.0,3,1,9.09,7.770000000000003,9.489000000000003,1.7189999999999994
2455,19,1.2,59.5,77.5,6,1,14.17,11.253899999999998,14.246000000000011,2.992100000000013
2456,21,8.0,88.6,32.8,10,1,18.4,13.456999999999995,18.12740000000001,4.670400000000013
2457,18,2.2,92.1,30.7,8,1,15.92,11.593200000000003,15.936200000000017,4.343000000000014
2458,21,5.2,80.9,59.8,6,0,13.16,12.212,15.066199999999995,2.854199999999995
2459,22,6.5,82.2,38.6,2,1,12.78,7.736499999999993,12.005299999999984,4.268799999999991
2460,32,4.9,51.4,73.2,2,0,8.01,7.901199999999994,11.8595,3.9583000000000066
2461,25,1.2,91.4,43.9,7,1,16.5,10.476999999999993,16.242500000000003,5.76550000000001
2462,34,8.1,89.4,58.1,1,1,13.21,6.831900000000004,13.32020000000001,6.488300000000007
2463,18,1.1,63.0,42.8,1,1,7.04,5.1606,7.330199999999999,2.169599999999999
2464,29,7.9,85.4,65.7,7,1,20.63,12.32269999999999,19.591300000000018,7.268600000000028
2465,32,9.0,60.7,37.5,9,1,12.87,14.335899999999997,15.077999999999985,0.7420999999999882
2466,26,4.9,52.0,31.5,5,1,12.26,9.969600000000002,12.269199999999994,2.2995999999999928
2467,24,5.8,60.1,33.3,1,0,4.99,4.917000000000004,9.182700000000004,4.2657
2468,19,5.3,58.9,92.0,5,1,13.82,12.511500000000005,14.499899999999995,1.9883999999999897
2469,26,4.5,66.9,39.2,1,1,10.5,5.221199999999997,10.352400000000003,5.131200000000006
2470,27,9.0,70.9,76.1,10,0,17.1,16.718299999999985,20.456100000000013,3.7378000000000284
2471,19,9.0,75.4,34.4,9,1,16.63,13.454300000000005,16.856800000000035,3.40250000000003
2472,28,4.0,73.8,37.0,4,1,9.55,8.003000000000007,10.833999999999982,2.8309999999999746
2473,30,6.5,63.5,63.1,9,1,15.52,13.646399999999998,16.50109999999999,2.8546999999999922
2474,27,9.3,51.5,60.2,2,1,16.53,7.818300000000002,14.95189999999999,7.133599999999988
2475,31,9.7,80.3,91.9,7,0,18.88,17.17760000000003,20.201200000000004,3.0235999999999734
2476,26,5.6,69.8,91.4,2,0,9.72,9.693100000000012,12.7569,3.063799999999988
2477,24,5.1,64.9,80.7,4,1,11.78,11.620699999999998,12.754199999999987,1.133499999999989
2478,20,3.5,93.3,69.1,6,1,16.03,13.570599999999997,16.137099999999982,2.5664999999999853
2479,23,9.6,87.3,59.6,2,1,10.38,9.447100000000006,11.831300000000004,2.384199999999998
2480,19,2.3,92.9,53.2,2,0,8.25,8.2663,11.0058,2.7395000000000014
2481,23,6.2,74.7,91.6,2,1,12.41,9.727500000000008,12.666900000000009,2.939400000000001
2482,20,3.5,56.5,69.2,3,1,9.66,7.824400000000002,10.830599999999993,3.0061999999999918
2483,33,3.5,84.8,67.6,5,0,12.75,11.8749,15.918599999999994,4.043699999999994
2484,25,4.6,60.3,45.1,9,0,12.11,12.324799999999996,15.611100000000004,3.2863000000000078
2485,19,10.0,72.1,33.0,6,0,12.84,12.111399999999998,16.38570000000001,4.274300000000013
2486,34,1.5,53.3,91.4,9,0,16.16,15.20710000000001,17.830499999999986,2.623399999999977
2487,26,6.2,91.3,50.4,10,0,14.63,14.820300000000008,18.115600000000015,3.2953000000000063
2488,29,1.7,56.3,58.8,5,0,9.04,9.172399999999993,12.846900000000003,3.6745000000000108
2489,20,2.4,95.2,37.5,6,1,16.51,9.276599999999997,16.12709999999999,6.850499999999995
2490,28,5.0,93.2,84.4,10,0,15.19,15.294100000000025,19.808899999999998,4.514799999999973
2491,18,5.6,73.2,31.8,8,0,13.9,13.267700000000008,16.41950000000001,3.1518000000000015
2492,30,3.3,87.2,84.2,3,0,6.0,7.3172999999999995,14.061399999999999,6.7440999999999995
2493,32,3.8,81.0,39.1,2,0,6.23,6.093700000000007,10.930499999999997,4.8367999999999896
2494,22,1.8,90.2,87.6,3,1,14.38,10.186400000000004,14.044500000000017,3.8581000000000127
2495,34,3.7,71.6,77.4,9,0,11.73,12.557000000000006,17.298499999999997,4.741499999999991
2496,23,9.7,89.3,40.7,6,1,17.92,11.484199999999998,17.617100000000008,6.13290000000001
2497,28,9.5,73.1,66.8,10,1,21.14,15.918299999999988,20.63060000000003,4.712300000000042
2498,21,4.0,97.0,50.3,4,0,8.16,8.831099999999994,13.667999999999996,4.836900000000002
2499,20,6.1,74.3,41.6,10,1,16.69,12.889599999999994,16.802800000000026,3.9132000000000318
2500,30,9.2,73.1,85.8,3,1,14.28,10.191100000000002,14.274699999999985,4.083599999999983
2501,26,1.1,89.3,56.2,2,0,4.23,4.809100000000004,11.467200000000002,6.6580999999999975
2502,23,8.3,91.1,55.9,4,1,19.09,10.191300000000004,17.888599999999983,7.697299999999979
2503,29,9.5,77.7,41.0,9,1,18.51,13.453199999999997,18.7457,5.292500000000002
2504,19,1.8,59.0,54.9,4,1,8.91,8.268100000000004,10.168199999999999,1.9000999999999948
2505,20,2.5,73.4,86.7,5,0,10.92,11.390999999999995,15.290999999999999,3.900000000000004
2506,20,9.6,98.4,53.6,8,1,20.32,13.468400000000006,20.108599999999992,6.640199999999986
2507,29,5.8,87.6,91.9,2,0,8.64,9.072899999999994,13.476700000000005,4.403800000000011
2508,32,1.1,90.6,91.5,3,0,9.24,9.125300000000006,14.186800000000003,5.061499999999997
2509,26,3.3,51.6,39.4,6,0,11.75,10.426899999999998,12.023199999999996,1.5962999999999976
2510,25,5.0,73.4,41.5,7,1,13.01,10.946200000000003,14.100899999999998,3.1546999999999947
2511,28,7.2,82.3,86.1,4,1,15.34,11.577800000000002,15.322099999999987,3.744299999999985
2512,33,7.6,91.5,55.5,1,0,4.21,5.666599999999999,13.179600000000002,7.5130000000000035
2513,21,10.0,52.5,30.3,7,0,14.84,13.84589999999998,16.2326,2.3867000000000207
2514,18,3.6,92.6,47.8,9,1,18.98,13.389499999999996,18.19320000000001,4.803700000000015
2515,24,5.8,77.4,68.8,1,1,12.33,8.159800000000002,12.776599999999997,4.616799999999994
2516,19,5.8,59.9,82.0,1,0,6.71,7.4524000000000035,12.625700000000004,5.1733
2517,22,4.7,65.9,38.7,1,1,8.37,6.064099999999996,9.225000000000001,3.160900000000005
2518,24,2.5,64.1,37.2,10,0,11.87,11.960899999999997,14.905000000000005,2.9441000000000077
2519,21,9.8,76.5,89.9,7,1,20.83,14.656600000000001,20.194099999999985,5.537499999999984
2520,22,8.7,52.6,78.8,9,1,17.12,14.7895,17.649599999999975,2.8600999999999743
2521,18,5.5,57.9,68.3,3,0,8.0,8.5426,12.852300000000005,4.309700000000005
2522,18,6.4,90.6,80.0,8,1,21.2,15.802500000000007,20.96260000000002,5.160100000000012
2523,32,3.0,56.6,57.9,9,1,19.34,13.65320000000001,17.929099999999988,4.275899999999977
2524,27,5.9,61.7,79.3,3,0,10.78,10.049699999999987,14.158800000000006,4.109100000000019
2525,20,7.3,72.7,54.2,3,0,7.79,8.248400000000004,13.298900000000003,5.0504999999999995
2526,28,5.6,75.9,45.9,1,0,6.46,6.207100000000001,10.5373,4.330199999999999
2527,32,9.9,88.2,77.4,2,0,11.42,11.029799999999993,14.485999999999988,3.4561999999999955
2528,28,6.5,72.4,57.3,7,1,16.1,12.524199999999999,16.313499999999987,3.7892999999999883
2529,34,4.3,89.5,93.8,3,0,12.27,11.157499999999994,13.3672,2.209700000000007
2530,34,7.9,80.9,52.7,7,1,15.98,12.588000000000006,16.66390000000001,4.0759000000000025
2531,23,2.5,55.7,89.9,5,0,14.02,13.526099999999992,14.980900000000005,1.454800000000013
2532,22,4.5,57.8,90.6,10,1,19.04,15.204100000000004,19.043099999999985,3.838999999999981
2533,25,4.1,71.9,45.7,8,0,10.6,11.051700000000007,15.847700000000005,4.795999999999998
2534,19,4.9,69.8,81.9,5,0,12.6,12.737199999999998,14.925400000000007,2.188200000000009
2535,33,8.0,87.2,58.1,3,0,7.96,8.642500000000007,14.3815,5.738999999999994
2536,29,5.4,79.0,89.6,9,1,20.09,15.6418,19.923799999999975,4.281999999999975
2537,23,8.1,69.4,59.3,7,0,15.47,14.388900000000014,17.42460000000001,3.035699999999995
2538,18,6.2,58.5,78.4,5,0,8.79,10.046099999999988,15.531100000000002,5.485000000000014
2539,21,4.1,61.3,60.4,7,1,17.71,11.454799999999993,16.201100000000007,4.746300000000014
2540,34,8.3,78.8,44.8,10,1,16.92,14.551500000000003,17.43450000000002,2.8830000000000187
2541,30,3.1,71.2,43.0,9,1,17.79,13.274999999999995,17.28039999999999,4.0053999999999945
2542,22,3.0,75.7,57.7,5,0,8.01,8.493799999999995,13.765599999999997,5.2718000000000025
2543,20,5.5,58.5,79.1,7,0,15.07,13.973599999999998,16.40829999999999,2.4346999999999923
2544,28,3.3,83.1,69.3,9,1,16.99,13.8099,17.48870000000001,3.678800000000008
2545,30,1.1,92.6,74.8,1,0,6.88,6.717299999999999,13.870200000000006,7.152900000000007
2546,21,6.8,62.9,48.4,4,0,7.33,8.17670000000001,13.269299999999994,5.092599999999985
2547,31,5.6,74.6,61.3,1,0,2.68,4.147700000000005,12.525200000000005,8.377500000000001
2548,28,5.0,98.8,32.9,8,1,14.7,12.166800000000006,15.523000000000023,3.356200000000017
2549,27,9.7,66.7,83.1,3,0,7.61,8.667000000000009,14.955399999999997,6.288399999999989
2550,23,6.1,79.8,94.3,2,1,10.66,10.0944,11.7599,1.6654999999999998
2551,32,8.8,54.5,56.4,4,0,10.44,10.455700000000018,13.63989999999999,3.184199999999972
2552,27,2.3,80.3,30.7,3,1,13.92,6.930199999999998,12.418400000000002,5.4882000000000035
2553,22,6.1,54.5,41.0,5,1,16.81,9.827000000000002,15.380899999999976,5.553899999999974
2554,22,8.8,98.0,72.4,8,0,12.83,13.873799999999996,21.077099999999994,7.203299999999999
2555,27,6.2,85.8,69.8,10,0,15.39,15.994100000000019,20.1079,4.113799999999982
2556,22,7.5,89.4,81.2,8,1,22.26,15.443700000000005,21.309099999999994,5.865399999999989
2557,20,4.3,85.2,46.5,7,0,8.93,9.778399999999982,15.972200000000013,6.1938000000000315
2558,23,1.8,79.5,79.6,8,1,19.48,14.815600000000002,19.196400000000008,4.380800000000006
2559,21,5.1,72.5,74.7,5,1,17.84,11.320099999999995,16.65119999999998,5.331099999999987
2560,26,4.6,92.9,51.0,10,1,15.14,14.796500000000004,16.24910000000002,1.4526000000000163
2561,34,8.8,97.8,65.5,10,0,11.7,13.328700000000016,20.731600000000004,7.402899999999988
2562,30,3.2,75.0,39.6,6,0,9.03,9.270199999999987,12.432399999999996,3.1622000000000092
2563,32,9.7,96.6,59.4,8,1,21.96,14.217700000000006,21.26990000000001,7.0522000000000045
2564,34,9.6,79.2,87.3,1,0,6.9,7.21509999999999,13.013000000000009,5.797900000000019
2565,30,3.2,76.9,57.4,6,1,10.72,9.783299999999997,11.585500000000016,1.8022000000000187
2566,33,4.1,72.7,84.6,6,1,16.43,12.3303,15.715100000000009,3.384800000000009
2567,21,9.1,60.5,68.4,5,0,12.78,12.907799999999986,16.989299999999986,4.0815
2568,22,9.7,50.2,42.5,4,0,7.9,8.990399999999992,13.799299999999993,4.808900000000001
2569,22,5.0,62.1,67.8,1,0,6.11,6.885200000000009,11.971199999999996,5.085999999999987
2570,26,3.9,75.5,62.9,10,1,19.73,13.251399999999991,19.128100000000007,5.876700000000016
2571,34,5.7,69.0,55.9,8,0,10.95,11.907700000000013,17.69799999999999,5.790299999999977
2572,30,7.2,72.4,37.8,6,0,9.07,9.884500000000005,16.606800000000007,6.722300000000002
2573,19,3.5,99.0,57.1,3,1,14.16,8.8835,13.677800000000008,4.794300000000009
2574,30,7.6,67.5,34.7,3,0,8.84,8.806300000000004,12.572199999999999,3.765899999999995
2575,20,1.5,72.6,36.4,6,0,8.73,9.009200000000003,13.379199999999992,4.369999999999989
2576,27,1.4,56.7,57.0,7,0,13.47,12.076100000000013,15.819199999999997,3.743099999999984
2577,19,4.5,52.4,49.8,8,1,16.81,13.104699999999996,15.833799999999982,2.7290999999999865
2578,30,4.2,88.8,90.2,5,0,11.52,11.780499999999993,16.61830000000001,4.837800000000016
2579,34,3.8,78.5,54.4,10,1,15.58,13.588000000000001,16.63879999999999,3.050799999999988
2580,31,5.4,88.0,79.3,6,1,19.31,12.817099999999998,18.283299999999983,5.466199999999985
2581,29,3.9,57.5,64.5,1,1,12.51,5.9939000000000044,11.542799999999993,5.548899999999988
2582,29,2.7,78.6,75.8,6,1,15.4,10.825999999999997,14.737200000000012,3.911200000000015
2583,28,3.8,62.7,46.9,9,0,12.93,12.936899999999994,16.083799999999997,3.1469000000000023
2584,24,9.8,61.4,91.2,10,0,18.25,17.126300000000004,21.1312,4.004899999999996
2585,21,4.7,50.6,64.5,4,0,12.32,11.065500000000013,12.822299999999993,1.7567999999999806
2586,18,5.0,56.5,84.0,10,1,20.8,14.200400000000004,19.77819999999998,5.577799999999977
2587,20,6.2,65.5,53.7,1,0,7.89,7.42639999999999,11.113900000000001,3.6875000000000107
2588,30,9.9,55.8,36.5,9,0,15.03,14.605799999999979,19.196800000000007,4.591000000000028
2589,32,3.2,99.3,73.8,4,0,12.97,12.383600000000015,15.0275,2.6438999999999844
2590,19,7.1,65.4,30.5,2,0,7.4,7.479399999999993,12.084799999999998,4.605400000000005
2591,28,7.4,56.5,60.9,1,1,13.47,7.062599999999998,13.133700000000012,6.071100000000014
2592,21,6.5,60.0,42.5,3,1,10.77,7.766200000000005,10.992299999999993,3.226099999999988
2593,34,1.8,79.4,70.8,7,0,14.04,13.012399999999984,16.506999999999998,3.4946000000000144
2594,20,7.1,53.2,93.7,10,1,18.85,14.2905,19.286499999999975,4.995999999999976
2595,25,1.6,93.1,60.2,2,0,5.79,6.358700000000003,11.612600000000004,5.253900000000001
2596,22,6.4,98.1,83.1,9,1,20.56,15.6041,20.784499999999976,5.180399999999976
2597,24,7.7,62.3,63.0,2,1,10.26,7.823200000000003,11.10029999999999,3.2770999999999875
2598,25,2.9,72.5,62.2,5,0,8.82,9.020100000000012,13.738800000000005,4.718699999999993
2599,22,8.6,51.1,90.5,8,0,15.36,15.117699999999983,18.462500000000002,3.344800000000019
2600,34,1.3,82.0,87.8,10,1,19.57,14.367300000000006,19.333399999999987,4.966099999999981
2601,22,8.6,70.7,81.1,8,1,20.71,15.473000000000006,19.947400000000012,4.474400000000006
2602,21,5.1,63.5,49.3,3,1,13.39,8.656200000000004,12.828800000000008,4.1726000000000045
2603,19,3.0,60.3,65.4,2,1,11.83,6.861199999999999,10.790500000000007,3.9293000000000076
2604,28,2.2,82.7,44.6,9,1,14.74,11.790799999999985,16.190400000000007,4.399600000000023
2605,30,9.6,70.8,58.9,3,1,16.57,8.194099999999997,15.194399999999991,7.000299999999994
2606,32,1.7,59.0,61.5,8,1,14.89,11.366899999999994,15.404500000000018,4.037600000000024
2607,29,2.8,84.5,84.1,2,0,9.52,9.084699999999991,12.988900000000003,3.904200000000012
2608,28,4.1,78.3,88.2,3,1,14.57,9.466899999999999,13.913300000000007,4.446400000000008
2609,24,6.6,92.9,57.0,1,1,16.08,7.902599999999998,14.648299999999992,6.745699999999994
2610,22,5.9,55.9,31.2,6,1,11.13,10.8174,12.380900000000008,1.5635000000000083
2611,34,2.1,89.3,86.0,7,0,12.42,12.322099999999992,17.194799999999997,4.872700000000005
2612,26,3.6,83.7,41.3,4,0,9.74,9.331900000000008,12.915299999999997,3.5833999999999886
2613,31,3.1,55.8,70.4,1,1,10.39,7.231999999999997,10.938799999999999,3.706800000000002
2614,29,2.9,84.7,31.6,3,1,10.41,7.278399999999996,10.829599999999996,3.5511999999999997
2615,23,4.7,72.1,56.0,9,1,13.65,12.770700000000001,15.349200000000005,2.5785000000000036
2616,34,7.3,97.2,94.1,5,0,12.87,13.157199999999987,20.3699,7.212700000000014
2617,33,3.0,57.1,36.5,6,0,9.81,9.580599999999986,12.427100000000001,2.846500000000015
2618,29,4.3,82.1,57.5,4,0,10.7,10.199700000000012,14.414899999999998,4.215199999999985
2619,29,4.5,69.1,50.0,1,1,10.22,6.542800000000001,10.402100000000011,3.859300000000011
2620,23,9.8,97.8,88.8,5,0,14.18,14.6319,20.731399999999994,6.099499999999994
2621,21,9.6,66.5,86.5,5,1,15.2,13.343599999999997,16.676800000000014,3.3332000000000175
2622,23,8.2,98.1,45.5,5,0,12.05,12.522299999999987,17.072299999999995,4.550000000000008
2623,28,3.2,95.1,35.3,6,1,14.62,9.460899999999992,14.751199999999981,5.29029999999999
2624,18,1.6,63.5,70.8,2,1,11.29,7.8414,11.396999999999991,3.555599999999991
2625,32,3.9,90.2,51.9,1,1,11.03,7.663999999999996,11.050499999999989,3.3864999999999927
2626,28,3.4,99.8,73.7,2,0,9.55,9.074399999999988,15.317699999999997,6.2433000000000085
2627,34,5.6,62.6,32.1,10,1,18.24,12.777899999999997,17.405299999999997,4.6274
2628,31,8.0,71.8,38.7,6,0,11.4,11.117399999999993,16.125999999999998,5.008600000000005
2629,32,8.7,76.0,74.6,5,0,8.54,9.43359999999999,18.329199999999993,8.895600000000004
2630,32,8.6,64.7,43.8,5,0,10.83,10.574900000000007,15.392500000000002,4.817599999999995
2631,21,4.2,50.8,85.7,6,1,14.53,12.8701,14.455199999999989,1.5850999999999882
2632,24,7.2,61.0,33.8,10,0,11.9,12.057399999999998,18.165700000000008,6.1083000000000105
2633,30,3.8,64.1,44.0,7,1,17.22,9.407799999999991,16.31800000000002,6.910200000000028
2634,20,1.5,72.2,94.9,9,0,12.62,13.547299999999993,19.5433,5.996000000000006
2635,33,7.3,58.6,58.1,7,0,10.45,11.015200000000014,16.957100000000004,5.94189999999999
2636,26,1.1,93.7,75.7,2,0,3.99,5.266900000000004,13.395200000000006,8.128300000000003
2637,25,4.7,85.2,41.9,6,1,17.92,10.656499999999994,17.06800000000001,6.411500000000014
2638,30,4.0,54.3,69.6,9,0,15.09,14.927199999999987,16.94270000000001,2.0155000000000225
2639,34,7.2,82.5,77.2,7,1,17.8,13.070299999999992,18.153999999999986,5.083699999999993
2640,34,7.9,82.7,50.4,2,1,14.64,7.4421000000000035,14.11140000000001,6.669300000000007
2641,34,3.7,97.8,83.9,3,1,10.51,9.493899999999998,12.068399999999997,2.5744999999999987
2642,18,8.3,50.2,69.2,8,0,14.39,15.029900000000021,17.892900000000004,2.8629999999999836
2643,25,3.6,62.4,55.3,9,0,11.02,11.818799999999992,15.529099999999998,3.7103000000000055
2644,23,5.0,96.4,66.2,4,1,18.68,10.601,16.871500000000005,6.270500000000004
2645,20,7.5,96.6,67.5,9,1,21.14,15.032199999999998,21.03390000000002,6.001700000000023
2646,22,7.2,86.0,40.8,2,0,8.28,8.117999999999991,12.076399999999992,3.958400000000001
2647,30,9.9,88.3,56.2,5,1,15.54,12.131999999999998,16.630899999999983,4.498899999999985
2648,32,3.0,54.6,52.3,2,0,4.97,5.502200000000008,9.876,4.373799999999991
2649,31,7.0,75.7,56.1,1,1,13.38,7.187000000000001,13.017600000000014,5.830600000000013
2650,33,6.5,61.6,79.5,5,0,9.79,10.205699999999993,17.2237,7.018000000000008
2651,28,9.2,59.1,61.4,2,0,7.0,7.3885000000000005,13.689299999999989,6.300799999999988
2652,20,2.4,90.5,91.1,7,0,16.28,15.06739999999999,17.87139999999999,2.8040000000000003
2653,27,7.8,56.8,49.1,8,1,17.39,11.796899999999996,17.62170000000003,5.8248000000000335
2654,27,6.1,73.4,57.0,2,1,10.37,6.547500000000003,11.085699999999997,4.5381999999999945
2655,33,3.5,96.9,81.2,7,0,14.55,13.875399999999981,17.3773,3.5019000000000204
2656,29,5.3,59.3,65.5,4,1,13.0,9.501000000000003,12.943399999999995,3.442399999999992
2657,19,4.0,98.9,65.6,1,1,9.09,8.529300000000001,11.108700000000004,2.5794000000000032
2658,26,6.2,99.7,33.5,3,1,12.54,8.307299999999994,13.640999999999993,5.3336999999999986
2659,20,9.0,77.8,55.9,1,0,6.08,7.318900000000006,13.607499999999993,6.288599999999986
2660,32,6.1,58.5,47.6,5,1,14.26,10.3739,14.123,3.7490999999999985
2661,20,6.7,65.8,95.0,8,0,13.49,13.604600000000005,19.6292,6.024599999999996
2662,25,5.7,71.2,50.0,1,0,7.04,6.793599999999998,10.693900000000001,3.900300000000003
2663,34,1.5,65.5,87.5,9,1,18.78,14.0327,18.436699999999984,4.403999999999984
2664,25,3.1,64.0,74.0,3,1,17.26,8.670700000000004,15.426199999999993,6.755499999999989
2665,24,5.4,98.6,52.2,5,1,19.66,11.6066,18.058700000000016,6.452100000000016
2666,24,3.8,57.7,65.3,9,1,17.32,13.491600000000004,16.97869999999999,3.4870999999999857
2667,20,2.6,86.7,84.6,5,1,15.5,12.598099999999999,15.806299999999997,3.208199999999998
2668,18,5.5,50.0,87.4,9,0,13.25,13.625100000000002,17.65109999999999,4.025999999999987
2669,21,3.9,79.8,40.4,10,0,10.1,11.131200000000005,17.089900000000007,5.958700000000002
2670,22,3.3,95.8,52.1,8,1,12.54,12.153400000000012,13.816799999999986,1.6633999999999745
2671,18,5.2,64.4,51.8,7,1,13.8,12.317699999999995,14.928699999999983,2.610999999999988
2672,32,2.2,59.3,32.7,1,1,11.55,5.1560000000000015,9.963399999999993,4.8073999999999915
2673,22,9.3,82.6,68.9,4,1,19.7,11.642999999999994,18.20290000000002,6.559900000000027
2674,30,8.8,85.6,85.6,9,1,21.42,16.246000000000016,21.211200000000016,4.965199999999999
2675,25,7.4,84.4,54.8,10,1,20.85,14.160199999999993,20.807099999999977,6.6468999999999845
2676,25,2.0,66.0,78.1,8,0,11.58,12.532100000000005,17.202800000000007,4.670700000000002
2677,22,8.0,62.6,70.8,4,0,10.56,10.603799999999984,15.105599999999992,4.501800000000008
2678,26,8.3,97.8,54.4,1,1,12.18,8.366699999999998,13.433399999999995,5.066699999999997
2679,18,7.9,96.2,39.2,10,1,18.37,14.59579999999999,18.760999999999978,4.165199999999988
2680,21,2.0,72.9,76.1,4,1,14.68,10.2656,14.7786,4.513000000000002
2681,20,6.8,92.3,85.5,3,0,9.93,10.23859999999998,15.798900000000001,5.560300000000021
2682,19,8.5,72.6,74.6,6,1,18.54,12.396900000000006,18.146399999999975,5.749499999999969
2683,25,6.2,71.2,31.2,5,1,13.31,9.702100000000002,13.44489999999998,3.7427999999999777
2684,26,6.8,57.8,44.1,5,1,16.65,10.135200000000006,15.891200000000016,5.756000000000009
2685,19,5.1,71.3,34.5,2,0,7.84,7.259600000000001,11.036099999999998,3.776499999999997
2686,31,5.8,76.9,67.1,3,1,14.41,9.253900000000003,14.236000000000004,4.982100000000001
2687,31,1.3,51.1,79.2,6,1,10.97,11.7663,12.47640000000001,0.7101000000000113
2688,21,6.8,72.2,37.2,2,1,10.81,8.112099999999996,11.075299999999979,2.9631999999999827
2689,23,1.7,89.1,84.5,4,1,14.46,11.11020000000001,14.770800000000017,3.6606000000000076
2690,28,4.9,84.0,66.1,2,1,13.17,7.779600000000004,13.187800000000006,5.408200000000003
2691,20,3.6,81.8,74.8,9,0,15.62,15.265499999999983,19.358500000000006,4.093000000000023
2692,25,5.9,95.5,93.1,3,0,11.81,10.99319999999998,15.759199999999998,4.766000000000018
2693,20,2.2,50.9,35.4,10,1,13.13,11.607599999999993,13.445500000000022,1.8379000000000296
2694,31,7.2,77.9,88.6,10,0,17.75,16.954600000000003,19.416600000000013,2.4620000000000104
2695,30,8.2,89.4,38.2,6,1,15.54,12.390700000000002,16.054899999999986,3.6641999999999832
2696,30,2.5,77.1,55.5,1,0,5.22,5.10710000000001,10.028500000000003,4.921399999999993
2697,19,1.9,66.2,85.3,10,0,12.52,13.499999999999991,17.838899999999995,4.338900000000004
2698,30,2.3,56.8,88.9,3,1,11.9,7.409700000000008,11.8479,4.438199999999991
2699,23,8.9,94.4,62.9,8,0,13.49,13.807400000000005,20.245100000000008,6.437700000000003
2700,33,5.8,73.5,68.6,5,1,17.75,10.753200000000001,16.9375,6.184299999999999
2701,19,5.2,93.9,76.0,8,1,18.44,14.359699999999998,18.88870000000002,4.529000000000023
2702,25,2.0,79.3,84.1,2,0,9.75,9.0279,12.754200000000008,3.7263000000000073
2703,34,6.8,83.7,37.9,7,1,12.79,11.118200000000002,14.015799999999983,2.897599999999981
2704,19,8.8,90.2,82.7,9,0,17.73,17.23080000000001,20.8114,3.58059999999999
2705,27,8.5,83.0,61.3,7,1,19.5,12.8456,19.289499999999997,6.4438999999999975
2706,33,6.6,69.9,59.3,3,0,6.2,6.716500000000004,13.7387,7.022199999999995
2707,23,1.7,75.7,57.6,7,0,9.43,10.070699999999988,15.816400000000003,5.745700000000015
2708,19,2.0,90.2,63.1,8,1,15.54,13.054599999999999,16.34189999999998,3.2872999999999823
2709,19,1.4,68.7,91.4,1,1,10.96,8.109900000000007,11.346400000000008,3.2365000000000013
2710,30,3.3,69.4,65.6,3,0,7.18,7.580999999999996,12.245699999999998,4.664700000000002
2711,32,2.2,54.8,92.0,5,1,13.73,12.8625,14.301900000000014,1.4394000000000133
2712,19,3.3,95.7,41.7,6,1,16.3,11.36229999999999,15.981099999999971,4.618799999999981
2713,24,4.5,54.6,77.1,3,1,11.67,7.325000000000004,12.2445,4.919499999999997
2714,20,9.5,82.4,82.8,4,0,12.78,12.730399999999984,17.796600000000012,5.066200000000029
2715,25,6.5,70.7,74.1,5,1,16.19,11.318299999999999,16.519500000000022,5.201200000000023
2716,31,8.5,70.3,69.4,3,1,8.87,11.0973,10.576600000000001,-0.5206999999999997
2717,24,7.4,84.0,66.7,4,1,14.08,10.3775,14.511199999999992,4.133699999999992
2718,24,2.0,53.4,86.0,5,1,15.74,13.179300000000001,14.988000000000007,1.8087000000000053
2719,18,7.6,79.7,83.4,2,0,8.27,8.565499999999995,13.262900000000007,4.6974000000000125
2720,34,3.5,88.6,37.9,10,0,11.29,12.072499999999984,18.068099999999998,5.995600000000014
2721,26,6.8,91.4,85.2,9,0,17.97,17.017700000000016,20.1783,3.1605999999999845
2722,30,4.1,58.5,56.9,10,0,13.93,13.897900000000002,17.63319999999999,3.73529999999999
2723,34,10.0,94.9,46.5,8,0,16.99,15.374800000000008,19.067500000000006,3.6926999999999985
2724,27,3.4,82.8,86.5,6,1,15.7,11.967499999999996,15.732200000000018,3.7647000000000226
2725,27,3.5,94.1,58.1,10,0,17.01,16.2384,18.621299999999994,2.382899999999996
2726,21,9.4,74.3,82.5,3,0,9.33,9.329600000000012,14.02150000000001,4.691899999999999
2727,25,1.2,77.1,47.1,2,0,1.43,3.1023000000000036,9.440200000000006,6.337900000000003
2728,31,7.3,96.0,30.3,7,0,13.17,13.0891,17.383500000000005,4.294400000000005
2729,31,7.5,95.0,62.2,8,0,15.38,14.938900000000025,19.908499999999993,4.969599999999968
2730,32,8.5,72.4,36.5,10,1,20.19,13.779699999999993,19.309600000000025,5.529900000000032
2731,21,9.8,63.7,79.0,1,0,8.7,8.617200000000008,14.140399999999998,5.52319999999999
2732,30,9.8,69.7,47.9,6,1,19.53,11.024600000000003,18.43719999999999,7.412599999999987
2733,25,1.6,69.4,58.8,7,0,12.75,11.4433,15.115400000000006,3.6721000000000057
2734,29,8.4,64.3,35.7,9,1,19.21,13.152299999999991,18.899800000000024,5.7475000000000325
2735,31,6.8,63.4,48.6,3,0,8.68,8.704399999999993,12.611300000000004,3.906900000000011
2736,19,6.8,93.1,80.8,2,1,12.32,8.935800000000002,12.946100000000007,4.010300000000004
2737,19,2.2,53.5,39.9,5,1,11.69,9.535300000000001,11.671800000000019,2.1365000000000176
2738,28,6.9,83.9,72.1,10,1,21.28,16.1081,21.033399999999986,4.925299999999986
2739,26,9.8,58.6,89.6,1,1,18.2,8.836100000000002,16.224800000000013,7.388700000000011
2740,29,9.2,67.2,74.2,6,1,18.08,12.498100000000004,18.52159999999999,6.023499999999984
2741,34,5.0,53.1,82.7,9,1,15.9,14.342999999999996,16.843800000000005,2.500800000000009
2742,32,1.4,63.5,37.1,10,1,16.52,11.880999999999998,16.07549999999999,4.194499999999993
2743,34,4.3,88.4,46.3,9,1,20.17,12.899299999999997,18.99630000000001,6.097000000000012
2744,23,8.4,94.3,88.1,7,1,23.5,14.912200000000002,22.246600000000004,7.334400000000002
2745,34,7.3,61.1,76.5,7,1,17.19,12.299700000000005,17.582600000000017,5.282900000000012
2746,25,5.1,73.2,71.6,8,0,13.05,13.138799999999986,18.934500000000007,5.795700000000021
2747,26,1.5,73.5,73.1,10,1,15.11,13.807700000000002,16.139799999999976,2.332099999999974
2748,23,4.8,93.7,56.9,2,0,7.25,7.7827,12.424600000000007,4.641900000000007
2749,22,5.2,88.1,32.9,6,1,15.8,10.036099999999998,15.29649999999998,5.260399999999983
2750,29,9.4,75.7,81.0,5,0,9.62,10.4605,18.463299999999986,8.002799999999986
2751,28,6.8,83.5,74.1,5,0,16.01,14.164799999999993,16.6105,2.4457000000000058
2752,18,3.8,92.4,60.7,3,1,12.86,9.026900000000007,13.117799999999988,4.090899999999982
2753,28,5.7,50.5,88.5,3,1,13.87,8.950800000000001,13.727799999999986,4.776999999999985
2754,26,1.6,70.1,51.9,6,0,10.58,10.63010000000001,13.615,2.984899999999991
2755,19,9.8,95.4,49.1,10,0,18.03,17.12219999999998,19.3375,2.215300000000017
2756,29,4.2,87.0,86.7,10,0,16.53,16.22899999999999,19.526199999999996,3.2972000000000072
2757,21,5.3,77.1,81.8,7,1,15.53,12.9199,16.58069999999999,3.6607999999999894
2758,21,4.2,76.5,63.5,1,0,8.16,7.739799999999999,10.877000000000004,3.1372000000000053
2759,32,7.1,67.4,38.5,3,1,14.79,8.746200000000002,13.708799999999986,4.962599999999984
2760,30,7.0,76.0,44.0,1,1,9.81,7.9628999999999985,10.796599999999987,2.833699999999989
2761,34,7.4,82.8,72.7,10,1,22.34,14.65390000000001,21.58299999999998,6.92909999999997
2762,23,3.4,70.9,55.0,3,0,8.64,8.381199999999996,11.626799999999996,3.2455999999999996
2763,33,3.8,85.7,84.4,5,0,11.93,12.250599999999993,16.023299999999992,3.7726999999999986
2764,29,2.1,93.1,91.7,9,1,18.0,14.838900000000002,18.235400000000002,3.3964999999999996
2765,22,6.9,57.7,82.4,3,1,13.72,9.254,14.046800000000013,4.792800000000014
2766,34,1.4,72.6,54.5,10,0,14.13,13.826400000000017,16.4851,2.658699999999982
2767,18,6.4,70.4,81.3,10,1,19.3,15.876699999999989,18.675999999999977,2.799299999999988
2768,27,8.8,84.4,52.8,9,0,12.61,13.275499999999989,18.645799999999998,5.370300000000009
2769,32,9.0,62.5,40.9,1,0,4.93,5.4776000000000025,12.179599999999988,6.701999999999986
2770,28,5.0,82.0,32.2,6,0,10.68,9.934599999999994,13.805999999999997,3.871400000000003
2771,30,5.1,93.9,55.1,9,1,19.67,14.413699999999997,18.92470000000002,4.511000000000022
2772,22,1.7,70.9,88.7,5,0,10.85,11.751,15.475599999999996,3.724599999999997
2773,18,7.0,95.6,45.5,10,0,18.52,17.083599999999993,19.277100000000004,2.193500000000011
2774,29,8.4,99.7,43.4,2,0,5.46,6.686800000000001,14.780999999999983,8.094199999999983
2775,28,3.2,55.3,93.0,5,1,15.45,12.637000000000002,15.170100000000017,2.5331000000000152
2776,34,4.8,61.7,31.6,1,1,5.7,6.746099999999992,6.950200000000003,0.20410000000001105
2777,21,8.5,97.5,81.1,9,0,16.1,15.78189999999999,21.63679999999999,5.854900000000001
2778,32,8.9,97.9,50.9,10,0,16.21,15.462300000000017,19.568599999999996,4.10629999999998
2779,26,3.2,54.9,32.4,10,0,11.71,11.804100000000012,14.641300000000008,2.8371999999999957
2780,29,6.0,50.7,89.7,9,1,14.72,14.232499999999995,16.043700000000012,1.8112000000000172
2781,22,2.7,58.1,39.1,6,0,8.98,9.285500000000004,13.2277,3.942199999999996
2782,27,1.9,99.8,65.9,9,1,18.25,14.034100000000002,17.67820000000001,3.6441000000000088
2783,34,9.2,59.0,47.8,3,0,10.65,9.97509999999999,11.649799999999995,1.674700000000005
2784,22,8.4,75.1,34.2,4,0,6.41,7.318599999999996,12.871399999999994,5.552799999999998
2785,33,7.8,92.4,33.2,6,0,14.06,13.418999999999977,16.083199999999998,2.6642000000000206
2786,24,1.4,51.0,37.5,4,1,5.15,7.336799999999996,7.310799999999995,-0.02600000000000069
2787,26,8.6,80.2,34.6,1,1,9.39,7.715099999999995,10.196199999999996,2.4811000000000005
2788,20,4.9,63.9,79.4,7,1,17.08,13.2454,16.929999999999986,3.6845999999999854
2789,32,4.1,93.1,61.6,5,0,11.52,11.842199999999991,15.12140000000001,3.279200000000019
2790,33,5.9,64.2,52.3,8,0,15.44,14.235700000000023,16.973099999999995,2.7373999999999725
2791,31,1.8,84.3,57.2,9,1,17.38,12.833200000000003,17.564100000000018,4.730900000000014
2792,20,7.8,83.7,90.4,5,1,17.62,13.122900000000007,17.138999999999967,4.016099999999961
2793,29,6.2,61.1,89.2,8,1,19.28,13.170899999999996,18.675699999999985,5.504799999999989
2794,26,2.7,51.7,76.5,1,0,2.17,3.8738999999999995,10.8816,7.007700000000002
2795,24,2.7,70.5,87.5,1,0,5.95,6.605000000000002,11.299299999999999,4.694299999999997
2796,26,2.7,64.5,50.8,7,0,8.4,9.238299999999992,14.078899999999997,4.840600000000006
2797,30,1.5,90.4,54.8,6,1,16.56,10.376,16.03579999999998,5.659799999999981
2798,22,6.3,90.0,69.9,5,1,19.12,12.230600000000003,18.356299999999962,6.125699999999959
2799,30,8.6,72.9,70.5,5,1,20.34,10.837499999999995,19.038899999999977,8.201399999999982
2800,21,1.2,80.3,61.3,9,0,14.11,12.907999999999985,18.486300000000004,5.578300000000018
2801,19,1.4,80.2,56.0,1,1,11.95,5.943200000000001,11.00880000000001,5.065600000000009
2802,33,6.2,91.4,94.1,8,0,15.58,15.689399999999994,20.836800000000007,5.1474000000000135
2803,26,8.4,71.3,83.4,2,0,9.01,8.918299999999995,13.264000000000003,4.345700000000008
2804,26,3.9,63.8,58.3,7,1,13.11,11.448499999999994,14.200199999999988,2.7516999999999943
2805,23,4.1,63.3,77.3,6,1,13.13,12.202700000000002,13.76070000000002,1.5580000000000176
2806,28,6.4,76.8,47.5,10,1,16.03,14.062899999999996,17.11819999999999,3.0552999999999955
2807,18,3.5,72.5,36.5,2,1,11.91,6.650799999999997,11.381699999999993,4.7308999999999966
2808,21,1.2,72.0,52.9,3,0,6.69,7.112200000000009,10.488600000000002,3.3763999999999923
2809,30,7.6,54.6,56.2,4,1,12.33,9.462300000000004,12.796100000000001,3.3337999999999965
2810,30,6.6,85.9,31.1,7,1,12.04,12.061399999999999,13.228299999999985,1.1668999999999858
2811,30,6.2,60.7,83.0,8,0,12.09,12.399999999999999,18.256699999999995,5.8566999999999965
2812,19,7.7,59.8,53.3,2,1,11.76,7.727600000000003,11.904699999999997,4.177099999999993
2813,26,7.1,70.6,67.7,8,1,15.08,13.246099999999997,16.559299999999986,3.3131999999999895
2814,25,2.9,61.4,34.8,9,0,16.83,15.453999999999985,14.036100000000003,-1.4178999999999817
2815,24,4.2,79.2,41.4,7,0,8.42,9.290499999999989,15.76520000000001,6.474700000000022
2816,21,2.1,68.6,87.8,1,0,10.08,8.955300000000006,11.339100000000004,2.3837999999999973
2817,20,2.2,72.4,69.6,6,1,14.54,11.817399999999994,14.626099999999987,2.808699999999993
2818,23,7.1,76.9,91.8,8,1,18.54,15.256200000000002,19.05129999999999,3.795099999999989
2819,29,8.7,60.2,94.9,5,1,16.74,12.882300000000003,17.4159,4.533599999999998
2820,29,9.7,57.8,54.2,2,0,8.5,7.853700000000003,13.18049999999999,5.326799999999987
2821,25,6.7,94.0,49.4,5,1,16.3,11.338799999999999,16.364099999999983,5.025299999999984
2822,18,2.7,71.7,85.8,8,1,15.39,15.002700000000003,16.393200000000007,1.3905000000000047
2823,21,2.0,70.6,94.9,2,0,10.08,9.66830000000001,12.91300000000001,3.2447
2824,28,8.3,51.8,70.9,1,1,11.7,8.0212,12.403000000000018,4.381800000000018
2825,20,6.2,74.9,81.7,4,1,12.85,12.422799999999997,13.809099999999992,1.386299999999995
2826,30,6.6,77.7,80.8,4,0,10.37,11.138299999999997,15.040399999999995,3.9020999999999972
2827,34,8.0,77.9,53.1,9,0,17.03,15.802499999999993,18.014900000000008,2.212400000000015
2828,27,7.3,85.4,67.3,3,1,15.39,10.5778,15.190300000000013,4.612500000000013
2829,29,8.5,58.9,84.1,4,1,15.76,11.441499999999998,15.298599999999995,3.8570999999999973
2830,32,1.5,62.6,74.7,3,1,11.07,9.207699999999999,11.959100000000001,2.751400000000002
2831,27,7.7,90.5,31.4,2,1,12.14,7.694800000000002,11.983600000000003,4.288800000000001
2832,31,8.7,97.4,51.9,4,0,11.33,11.31670000000001,16.78479999999999,5.46809999999998
2833,30,3.6,56.8,39.4,8,0,10.44,10.71010000000002,16.120800000000006,5.410699999999986
2834,22,6.8,74.9,45.1,1,1,12.43,8.096999999999992,11.760999999999985,3.6639999999999926
2835,23,3.8,60.7,88.9,8,0,14.26,13.72289999999999,16.910999999999998,3.1881000000000075
2836,19,9.6,53.0,32.4,8,1,14.12,13.139499999999996,15.942599999999986,2.80309999999999
2837,34,1.3,66.3,44.3,3,0,7.98,7.561000000000007,8.790899999999995,1.2298999999999882
2838,21,6.2,57.2,50.1,10,0,11.86,12.911599999999991,16.5684,3.6568000000000094
2839,31,2.5,85.5,70.1,10,0,12.7,13.308300000000017,18.634600000000006,5.326299999999989
2840,27,7.4,76.7,64.7,6,0,12.14,12.028200000000002,17.059700000000007,5.031500000000005
2841,20,2.6,57.2,44.2,4,1,11.83,7.5543,11.424800000000005,3.870500000000005
2842,20,3.1,50.5,40.7,1,0,6.35,6.200100000000007,9.456200000000003,3.2560999999999956
2843,32,5.4,90.4,45.4,1,1,7.44,8.0811,9.389600000000012,1.3085000000000129
2844,23,9.2,58.8,62.7,5,1,17.33,11.571800000000001,17.294799999999984,5.722999999999983
2845,34,2.9,80.3,47.6,8,0,12.74,12.523400000000004,15.48180000000001,2.9584000000000064
2846,29,2.3,66.8,91.6,1,0,6.51,7.316199999999996,11.707800000000002,4.391600000000007
2847,28,7.8,79.3,60.2,2,1,13.22,7.9796000000000005,13.242700000000012,5.263100000000011
2848,21,5.5,65.8,33.8,7,0,11.04,11.442299999999994,15.318699999999996,3.876400000000002
2849,23,9.2,54.3,77.4,8,1,11.69,15.436399999999997,14.166700000000022,-1.2696999999999754
2850,18,2.3,61.1,51.4,3,1,8.44,8.717100000000002,9.355200000000016,0.6381000000000139
2851,33,6.8,59.4,72.5,8,0,15.83,14.947599999999992,18.2634,3.3158000000000083
2852,32,3.1,71.4,48.2,1,1,8.82,6.506700000000002,9.318900000000014,2.8122000000000114
2853,34,2.4,82.9,67.1,9,0,13.47,13.443500000000013,17.88290000000001,4.439399999999997
2854,25,7.2,63.2,80.2,2,0,9.07,9.097500000000014,12.631699999999999,3.5341999999999842
2855,29,6.3,50.6,90.3,2,1,14.59,9.666799999999999,13.93599999999999,4.269199999999991
2856,27,7.8,75.9,47.0,4,0,8.96,9.40880000000001,13.614600000000001,4.205799999999991
2857,32,3.8,80.3,51.8,10,1,17.48,13.130199999999997,17.293800000000005,4.163600000000008
2858,26,5.0,98.1,60.2,3,1,14.7,8.9593,14.668400000000013,5.709100000000012
2859,19,4.6,79.5,90.3,4,0,12.94,11.875500000000018,15.060799999999997,3.1852999999999785
2860,22,9.9,73.6,88.6,6,0,16.24,15.026100000000008,17.5758,2.5496999999999925
2861,23,3.6,78.7,35.8,7,0,10.01,9.948699999999992,15.776599999999998,5.827900000000007
2862,24,3.7,96.4,38.6,5,0,8.77,9.345499999999989,14.255799999999999,4.91030000000001
2863,18,4.2,91.4,62.2,2,0,8.21,8.368000000000007,11.370000000000003,3.0019999999999953
2864,24,6.1,66.1,36.9,3,1,14.66,7.650299999999999,13.336400000000008,5.6861000000000095
2865,29,3.3,61.9,52.5,10,1,18.6,13.7424,17.351799999999983,3.609399999999983
2866,33,9.2,63.1,39.6,3,1,12.26,9.0089,12.319899999999993,3.310999999999993
2867,33,3.4,75.2,71.3,5,0,7.44,8.691100000000011,15.118400000000003,6.427299999999992
2868,28,9.1,87.2,91.7,5,1,20.8,13.594699999999996,19.62049999999998,6.0257999999999825
2869,21,1.9,75.2,94.8,4,1,16.9,10.309000000000008,16.13440000000002,5.825400000000013
2870,30,6.9,53.4,54.4,8,0,10.23,11.07070000000001,18.282399999999996,7.211699999999986
2871,24,9.2,86.2,68.9,6,0,12.24,12.545900000000003,18.18689999999999,5.640999999999988
2872,21,2.5,90.3,85.7,6,0,14.17,13.8124,16.706699999999998,2.8942999999999977
2873,32,9.7,64.5,37.6,1,1,12.56,6.8329,12.558399999999981,5.725499999999981
2874,26,5.1,83.2,74.8,6,1,12.75,12.1438,13.854199999999997,1.7103999999999964
2875,28,9.5,71.3,56.6,3,1,12.34,8.348799999999997,13.165399999999998,4.816600000000001
2876,25,7.1,94.5,43.4,6,1,17.7,11.965000000000002,17.330700000000014,5.365700000000013
2877,18,3.7,92.3,56.2,10,1,19.4,15.137599999999994,18.94800000000002,3.810400000000028
2878,25,2.7,76.3,34.9,6,0,10.84,10.385200000000008,12.91369999999999,2.5284999999999815
2879,30,3.7,84.6,75.2,2,1,14.63,7.8989999999999965,13.927900000000015,6.028900000000019
2880,21,1.8,94.2,46.4,1,1,11.03,8.094600000000002,11.097499999999986,3.0028999999999844
2881,25,2.3,74.8,50.2,3,0,8.57,8.14250000000001,11.363299999999997,3.2207999999999863
2882,20,1.9,65.7,37.9,5,1,10.8,8.607199999999999,11.77019999999999,3.1629999999999914
2883,26,4.8,87.7,86.2,4,0,11.57,11.686700000000007,15.369799999999998,3.6830999999999907
2884,19,8.2,61.0,62.1,7,0,13.21,12.990000000000009,16.3547,3.364699999999992
2885,19,2.3,69.4,67.2,4,1,16.36,8.973300000000002,15.23979999999998,6.2664999999999775
2886,30,2.2,93.3,67.0,8,1,15.65,12.886799999999996,16.12420000000001,3.2374000000000134
2887,32,6.8,86.2,56.7,7,0,14.17,13.375199999999998,17.0775,3.702300000000003
2888,29,2.8,70.2,42.5,10,1,16.52,13.147199999999993,16.742499999999986,3.595299999999993
2889,21,1.9,60.7,78.4,9,0,14.91,14.464100000000014,17.23869999999999,2.7745999999999764
2890,25,2.5,67.8,38.3,1,1,8.86,5.247600000000002,9.115600000000008,3.8680000000000057
2891,26,9.3,64.2,36.8,5,0,12.45,11.825300000000016,15.080299999999996,3.2549999999999795
2892,22,8.4,58.8,76.2,4,0,9.39,10.037099999999992,15.330299999999998,5.293200000000006
2893,28,4.2,87.2,43.6,6,0,10.93,10.808999999999987,15.637399999999992,4.828400000000006
2894,32,6.9,62.6,49.9,1,0,7.78,7.6456999999999855,10.333999999999987,2.6883000000000017
2895,26,5.8,72.7,60.9,6,0,10.11,10.301100000000005,14.679799999999995,4.37869999999999
2896,34,7.1,69.3,59.2,1,1,12.67,7.167999999999999,12.48,5.312000000000001
2897,29,7.1,99.1,76.1,1,0,11.37,10.978599999999998,14.843900000000001,3.865300000000003
2898,24,6.7,69.6,70.5,8,0,13.55,13.647699999999988,18.5696,4.921900000000013
2899,27,3.4,54.0,71.9,2,0,9.17,8.242999999999997,10.513399999999997,2.2704000000000004
2900,27,1.4,54.5,76.4,10,0,12.46,12.805900000000014,18.15759999999999,5.351699999999978
2901,30,5.1,79.5,49.0,6,0,8.72,9.41770000000001,14.301899999999998,4.884199999999987
2902,28,9.0,80.0,51.0,6,0,13.39,12.369700000000009,16.6904,4.3206999999999915
2903,30,6.1,70.9,58.5,6,0,10.26,10.779999999999998,15.051599999999993,4.271599999999996
2904,25,8.5,71.6,50.0,8,0,9.82,11.445200000000007,18.85250000000001,7.407300000000003
2905,25,9.9,52.7,94.0,4,1,14.97,12.537700000000003,14.887200000000005,2.3495000000000026
2906,21,2.5,75.8,82.9,3,1,16.03,9.5539,15.22739999999999,5.67349999999999
2907,32,7.2,75.2,40.7,6,0,13.01,12.036999999999999,15.90850000000001,3.8715000000000117
2908,28,7.1,57.5,30.4,4,0,5.98,7.336300000000006,12.800400000000002,5.464099999999996
2909,28,9.8,55.2,32.8,2,0,4.42,5.3339000000000025,12.095799999999992,6.761899999999989
2910,18,9.9,56.2,45.9,6,0,10.44,10.79300000000002,16.681900000000002,5.888899999999982
2911,34,7.2,55.1,37.4,10,0,15.4,14.309800000000006,18.241099999999996,3.9312999999999896
2912,32,3.2,80.5,64.7,5,1,14.15,10.615,13.709900000000005,3.0949000000000044
2913,23,8.2,59.8,85.8,9,0,14.96,14.791900000000014,18.231499999999997,3.4395999999999827
2914,32,2.0,62.6,77.9,6,1,13.4,11.311199999999994,13.818100000000008,2.506900000000014
2915,26,8.0,58.7,44.0,3,0,7.82,8.11090000000001,11.658099999999997,3.5471999999999877
2916,31,9.2,97.9,56.0,5,1,19.07,12.905199999999994,18.655699999999985,5.750499999999992
2917,34,4.4,92.7,63.0,10,1,19.72,15.409499999999996,19.31250000000001,3.9030000000000147
2918,22,6.7,61.5,82.7,8,0,13.65,13.532300000000005,18.667499999999997,5.135199999999992
2919,26,4.9,66.4,84.5,9,0,15.94,15.420300000000022,17.846099999999996,2.425799999999974
2920,28,4.9,60.5,89.1,8,1,17.98,13.619199999999996,18.08470000000001,4.465500000000013
2921,18,3.8,74.6,63.1,3,1,14.71,8.531700000000004,13.759400000000007,5.227700000000002
2922,23,7.9,51.0,75.1,9,0,13.1,13.702299999999994,17.637299999999993,3.9349999999999987
2923,19,9.4,83.6,37.3,3,0,9.67,9.61289999999999,13.587499999999988,3.974599999999999
2924,32,9.5,76.2,66.7,8,0,16.17,15.480100000000007,20.1335,4.653399999999994
2925,31,2.6,94.9,46.2,10,0,16.91,15.919600000000012,18.496199999999998,2.5765999999999867
2926,22,8.9,58.2,58.1,9,1,16.39,13.888199999999992,16.956900000000022,3.06870000000003
2927,23,7.6,90.2,71.2,7,1,18.36,13.316,18.27829999999997,4.962299999999969
2928,23,3.3,89.6,46.7,4,0,6.42,7.389999999999994,12.85619999999999,5.466199999999996
2929,31,1.6,56.4,33.4,10,0,9.82,10.50770000000001,15.032900000000005,4.525199999999995
2930,27,3.4,69.9,30.7,9,0,11.72,11.656900000000014,15.3738,3.7168999999999848
2931,31,9.2,58.5,31.4,3,1,8.52,9.489200000000006,9.729599999999989,0.2403999999999833
2932,30,6.7,62.7,30.5,3,1,12.58,8.470300000000002,12.0884,3.6180999999999983
2933,20,7.5,63.2,37.2,2,0,8.35,8.090700000000005,11.261399999999995,3.1706999999999894
2934,23,3.3,77.8,45.6,10,0,13.29,12.842899999999986,17.204400000000007,4.361500000000021
2935,25,7.5,70.6,44.4,3,1,11.47,8.170900000000003,11.708000000000016,3.537100000000013
2936,29,1.3,97.4,94.1,1,0,8.26,7.555099999999998,14.290599999999994,6.7354999999999965
2937,30,4.4,56.3,49.9,4,0,12.72,10.893400000000018,12.794099999999998,1.900699999999981
2938,28,6.6,98.7,38.3,8,0,11.89,12.289800000000007,17.663199999999996,5.3733999999999895
2939,29,2.3,61.5,65.5,5,0,8.12,9.027100000000004,14.028400000000001,5.001299999999997
2940,18,8.4,88.6,85.8,2,0,6.02,7.5655999999999946,13.741300000000006,6.1757000000000115
2941,34,3.1,66.9,74.1,3,1,14.78,10.154599999999999,13.863099999999982,3.708499999999983
2942,33,6.9,57.2,49.2,1,1,8.4,6.975099999999995,9.39989999999999,2.424799999999995
2943,28,4.6,92.9,66.5,2,0,9.04,8.568599999999996,12.725999999999999,4.157400000000003
2944,30,6.4,65.4,76.5,1,0,12.4,11.102899999999993,13.0695,1.9666000000000068
2945,28,2.0,82.9,77.3,2,1,13.15,8.418099999999999,13.270100000000012,4.852000000000013
2946,29,1.2,78.3,73.3,3,0,9.43,9.145899999999994,13.691900000000002,4.546000000000008
2947,23,9.2,73.6,86.6,1,0,8.99,9.189100000000002,13.370599999999998,4.181499999999996
2948,26,3.4,74.8,86.6,9,0,15.25,15.2445,17.997299999999992,2.7527999999999917
2949,33,8.4,86.6,67.6,10,1,21.22,15.681100000000004,20.971700000000013,5.290600000000008
2950,21,10.0,54.4,57.9,5,0,12.11,12.005699999999997,16.112000000000002,4.1063000000000045
2951,20,2.9,83.4,71.7,8,0,8.38,10.4037,18.469,8.0653
2952,33,3.4,94.8,83.2,5,0,12.61,12.709899999999996,16.5098,3.7999000000000027
2953,29,7.0,52.9,30.4,8,0,12.12,12.273099999999994,17.389000000000003,5.115900000000009
2954,28,9.7,57.0,94.5,7,1,24.15,14.880400000000009,22.555600000000016,7.675200000000007
2955,22,9.2,85.8,41.9,4,1,15.26,9.916099999999998,15.454299999999996,5.538199999999998
2956,23,5.5,71.9,60.6,7,0,12.61,12.309299999999991,15.876899999999996,3.567600000000004
2957,23,8.2,70.2,86.7,6,0,14.08,13.323400000000001,17.39469999999999,4.071299999999988
2958,21,2.2,56.8,44.6,3,1,11.2,6.798200000000005,11.038200000000012,4.240000000000007
2959,29,9.8,75.3,61.0,9,0,12.49,13.197300000000006,20.168500000000012,6.971200000000007
2960,19,9.7,56.3,38.6,10,1,20.26,14.398700000000009,18.83239999999999,4.43369999999998
2961,34,2.5,73.8,55.7,9,1,14.84,13.655900000000004,15.949499999999984,2.29359999999998
2962,28,3.7,88.2,41.5,5,0,10.46,10.459700000000007,13.758800000000006,3.2990999999999993
2963,28,1.9,62.9,53.6,8,1,13.27,11.9934,13.79589999999999,1.8024999999999913
2964,33,3.4,74.0,54.3,7,0,10.94,10.752500000000019,15.574599999999991,4.822099999999972
2965,19,8.3,99.6,94.6,9,0,16.05,16.268099999999983,22.079199999999997,5.811100000000014
2966,19,4.4,84.3,94.7,7,1,17.81,13.531299999999995,18.24639999999998,4.715099999999985
2967,25,1.8,92.1,37.5,4,1,12.23,8.645500000000004,12.243300000000007,3.597800000000003
2968,30,4.1,70.7,77.2,4,1,14.98,10.620100000000004,14.45180000000001,3.831700000000005
2969,27,9.8,88.4,33.4,8,1,18.22,13.2558,18.327900000000017,5.072100000000017
2970,25,6.7,52.0,32.0,6,0,11.38,11.023500000000006,14.0178,2.9942999999999937
2971,21,4.7,56.1,36.8,9,0,10.83,11.450800000000008,15.8376,4.386799999999992
2972,32,2.5,60.2,92.8,10,0,15.93,15.43880000000001,18.841299999999993,3.402499999999984
2973,18,9.9,70.1,91.2,7,1,17.96,15.16540000000001,18.25280000000002,3.0874000000000077
2974,28,8.4,92.3,42.6,7,0,16.16,15.031100000000015,17.20820000000001,2.177099999999994
2975,24,3.5,67.3,40.5,4,0,8.99,8.313400000000007,11.859699999999997,3.54629999999999
2976,34,1.6,82.7,45.6,3,1,10.06,7.105300000000002,10.261599999999982,3.1562999999999795
2977,29,1.5,85.5,63.5,8,0,15.98,14.685800000000011,16.762999999999998,2.077199999999987
2978,26,2.1,79.3,67.0,7,0,12.89,12.160700000000002,16.476399999999998,4.315699999999996
2979,22,6.2,67.9,44.4,4,0,7.62,8.162000000000004,13.113700000000003,4.951699999999999
2980,27,9.4,78.9,79.2,4,0,11.61,11.404200000000001,17.01390000000001,5.609700000000009
2981,21,5.5,67.1,50.1,1,0,4.42,5.5011,10.614899999999999,5.113799999999999
2982,22,8.6,54.2,89.9,7,0,11.59,12.416099999999997,18.1922,5.776100000000003
2983,27,5.0,99.6,72.7,1,0,11.09,10.458500000000008,15.175299999999993,4.716799999999985
2984,28,7.4,56.4,58.4,10,0,12.67,13.285500000000003,18.79460000000001,5.509100000000007
2985,27,7.6,53.6,81.3,10,0,12.9,13.426800000000013,19.568299999999994,6.141499999999981
2986,25,2.6,93.9,83.2,4,0,12.1,12.101099999999997,15.730299999999998,3.629200000000001
2987,19,4.3,65.1,48.9,3,0,11.19,9.898500000000015,11.7918,1.8932999999999858
2988,25,6.7,82.5,52.1,3,0,11.47,10.587500000000011,13.934100000000006,3.346599999999995
2989,33,1.6,66.5,90.8,1,0,12.32,10.503200000000014,11.55619999999999,1.052999999999976
2990,22,4.3,69.6,40.7,4,1,17.28,7.8845,15.268299999999993,7.383799999999993
2991,20,5.8,63.1,32.7,1,1,8.11,6.138099999999997,8.732900000000008,2.594800000000011
2992,29,10.0,67.2,59.5,8,0,13.27,13.518899999999991,19.338000000000015,5.819100000000024
2993,30,5.3,70.5,82.1,1,0,5.2,6.5827,12.95819999999999,6.375499999999991
2994,30,8.3,86.0,80.2,6,1,16.1,13.108099999999995,17.859999999999985,4.75189999999999
2995,27,4.9,75.6,89.8,7,1,19.97,12.6614,19.005400000000012,6.344000000000012
2996,21,8.2,97.2,64.7,10,1,21.93,15.551399999999994,21.581100000000006,6.0297000000000125
2997,26,6.4,52.1,36.5,2,0,9.5,7.685199999999998,9.948099999999995,2.2628999999999966
2998,19,9.0,75.2,68.3,4,1,14.24,10.537799999999999,14.872100000000003,4.334300000000004
2999,18,4.7,79.2,80.6,3,1,13.17,9.3311,13.471799999999996,4.140699999999997
3000,24,6.4,96.0,36.1,9,0,14.67,14.403999999999998,17.974700000000002,3.570700000000004
